ID,Longitude,Latitude
Anoura_caudifer,-60.733,5.267
Anoura_caudifer,-58.767,1.367
Anoura_caudifer,-58.767,1.367
Anoura_caudifer,-58.767,1.367
Anoura_caudifer,-58.767,1.367
Anoura_caudifer,-60.733,5.267
Anoura_caudifer,-60.733,5.267
Anoura_caudifer,-60.733,5.267
Anoura_caudifer,-60.733,5.267
Anoura_caudifer,-60.733,5.267
Anoura_caudifer,-60.733,5.267
Anoura_caudifer,-60.733,5.267
Anoura_caudifer,-59.817,5.117
Anoura_caudifer,-59.817,5.117
Anoura_caudifer,-59.85,5.1
Anoura_caudifer,-76.45,-0.65
Anoura_caudifer,-59.95,5.333
Anoura_caudifer,-60.733,5.267
Anoura_caudifer,-76.45,-0.65
Anoura_caudifer,-76.45,-0.65
Anoura_caudifer,-76.45,-0.65
Anoura_caudifer,-76.45,-0.65
Anoura_caudifer,-76.45,-0.65
Anoura_caudifer,-76.39,-0.676
Anoura_caudifer,-76.45,-0.633
Anoura_caudifer,-76.45,-0.65
Anoura_caudifer,-76.45,-0.65
Anoura_caudifer,-76.461,-0.652
Anoura_caudifer,-59.95,5.333
Anoura_caudifer,-59.95,5.333
Anoura_caudifer,-59.95,5.333
Anoura_caudifer,-59.95,5.333
Anoura_caudifer,-59.95,5.333
Anoura_caudifer,-60.733,5.267
Anoura_caudifer,-60.733,5.267
Anoura_caudifer,-59.95,5.333
Anoura_caudifer,-59.92,5.33
Anoura_caudifer,-60.733,5.267
Anoura_caudifer,-59.92,5.33
Anoura_caudifer,-59.97,5.38
Anoura_caudifer,-59.92,5.33
Anoura_caudifer,-59.92,5.33
Anoura_caudifer,-60.733,5.267
Anoura_caudifer,-60.733,5.267
Anoura_caudifer,-60.733,5.267
Anoura_caudifer,-60.733,5.267
Anoura_caudifer,-59.95,5.333
Anoura_caudifer,-60.733,5.267
Anoura_caudifer,-59.97,5.38
Anoura_caudifer,-59.92,5.33
Anoura_caudifer,-55.2,4.933
Anoura_caudifer,-55.2,4.933
Anoura_caudifer,-60.733,5.267
Anoura_caudifer,-66.47,10.07
Anoura_caudifer,-66.47,10.07
Anoura_caudifer,-71.7,8.34
Anoura_caudifer,-71.7,8.34
Anoura_caudifer,-71.7,8.34
Anoura_caudifer,-78,-1.5
Anoura_caudifer,-78.59,-1.26
Anoura_cultrata,-77.99,8.4
Anoura_cultrata,-78.55,0.9
Anoura_cultrata,-78.06,-5.92
Anoura_cultrata,-71.74,8.12
Anoura_cultrata,-71.74,8.12
Anoura_cultrata,-71.74,8.12
Anoura_cultrata,-70.63,8.87
Anoura_cultrata,-68.84,10.37
Anoura_luismanueli,-71.7,8.34
Anoura_luismanueli,-71.7,8.34
Anoura_luismanueli,-72.44,7.63
Anoura_luismanueli,-72.44,7.63
Anoura_luismanueli,-71.8,8.25
Anoura_peruana,-89.367,14.4
Anoura_peruana,-89.367,14.4
Anoura_peruana,-89.367,14.4
Anoura_peruana,-90.667,15.1
Anoura_peruana,-90.667,15.1
Anoura_peruana,-82.75,8.867
Anoura_peruana,-77.99,8.4
Anoura_peruana,-73.2,-3.8
Anoura_peruana,-63.56,10.21
Anoura_peruana,-71.74,8.12
Anoura_peruana,-71.18,8.67
Anoura_peruana,-63.56,10.21
Anoura_peruana,-79.521,-5.313
Carollia_castanea,-79.75,9.15
Carollia_castanea,-79.933,8.683
Carollia_castanea,-77.717,8
Carollia_castanea,-79.75,9.15
Carollia_castanea,-77.717,8
Carollia_castanea,-77.717,8
Carollia_castanea,-79.128,9.128
Carollia_castanea,-75.48,9.22
Carollia_castanea,-75.53,8.82
Carollia_castanea,-75.53,8.82
Carollia_castanea,-75.53,8.82
Carollia_castanea,-75.53,8.82
Carollia_castanea,-75.53,8.82
Carollia_castanea,-75.53,8.82
Carollia_castanea,-78.393,-4.095
Carollia_castanea,-76.45,-0.65
Carollia_castanea,-76.45,-0.65
Carollia_castanea,-76.45,-0.65
Carollia_castanea,-76.433,-0.683
Carollia_castanea,-76.45,-0.633
Carollia_castanea,-76.433,-0.683
Carollia_castanea,-76.45,-0.683
Carollia_castanea,-76.4,-0.8
Carollia_castanea,-76.45,-0.8
Carollia_castanea,-76.45,-0.633
Carollia_castanea,-76.45,-0.65
Carollia_castanea,-76.433,-0.783
Carollia_castanea,-76.45,-0.65
Carollia_castanea,-76.54651,-0.527526
Carollia_castanea,-76.47,0.63
Carollia_castanea,-76.54651,-0.527526
Carollia_castanea,-76.35,-0.833
Carollia_castanea,-76.45,-0.633
Carollia_castanea,-76.45,-0.633
Carollia_castanea,-76.433,-0.683
Carollia_castanea,-76.45,-0.633
Carollia_castanea,-76.35,-0.833
Carollia_castanea,-76.217,-0.983
Carollia_castanea,-76.433,-0.683
Carollia_castanea,-76.467,-0.667
Carollia_castanea,-76.45,-0.633
Carollia_castanea,-76.45,-0.65
Carollia_castanea,-76.217,-0.983
Carollia_castanea,-76.45,-0.633
Carollia_castanea,-76.45,-0.65
Carollia_castanea,-76.45,-0.633
Carollia_castanea,-76.45,-0.633
Carollia_castanea,-76.4,-0.8
Carollia_castanea,-76.454,-0.657
Carollia_castanea,-78.55,0.9
Carollia_castanea,-78.55,0.9
Carollia_castanea,-78.55,0.9
Carollia_castanea,-78.55,0.9
Carollia_castanea,-78.55,0.9
Carollia_castanea,-78.55,0.9
Carollia_castanea,-79.933,8.683
Carollia_castanea,-79.7,9.1
Carollia_castanea,-82.75,8.833
Carollia_castanea,-82.75,8.867
Carollia_castanea,-79.75,9.15
Carollia_castanea,-77.717,8
Carollia_castanea,-82.75,8.833
Carollia_castanea,-82.75,8.833
Carollia_castanea,-79.727,9.131
Carollia_castanea,-82.587,9.357
Carollia_castanea,-79.732,9.149
Carollia_castanea,-82.25,8.351
Carollia_castanea,-82.587,9.357
Carollia_castanea,-82.271,9.396
Carollia_castanea,-82.271,9.396
Carollia_castanea,-82.75,8.833
Carollia_castanea,-79.11,8.38
Carollia_castanea,-79.11,8.38
Carollia_castanea,-82.28,9.18
Carollia_castanea,-82.17,9.24
Carollia_castanea,-82.21,9.33
Carollia_castanea,-81.81,8.91
Carollia_castanea,-81.91,9.16
Carollia_castanea,-81.901,9.101
Carollia_castanea,-82.101,9.101
Carollia_castanea,-83.517,10.567
Carollia_castanea,-83.53,10.6
Carollia_castanea,-83.53,10.6
Carollia_castanea,-83.53,10.6
Carollia_castanea,-83.53,10.6
Choeroniscus_godmani,-90,13.8
Choeroniscus_godmani,-56.933,4.542
Choeroniscus_godmani,-56.092,1.994
Choeroniscus_minor,-58.767,1.367
Choeroniscus_minor,-58.85,4.73
Choeroniscus_minor,-58.85,4.73
Choeroniscus_minor,-58.85,4.367
Choeroniscus_minor,-58.85,4.367
Choeroniscus_minor,-59.817,5.133
Choeroniscus_minor,-59.05,4.1
Choeroniscus_minor,-55.2,4.933
Choeroniscus_minor,-76.45,-0.65
Choeroniscus_minor,-76.45,-0.633
Choeroniscus_minor,-76.35,-0.833
Choeroniscus_minor,-76.4,-0.68
Choeroniscus_minor,-76.433,-0.683
Choeroniscus_minor,-76.4,-0.683
Choeroniscus_minor,-76.4,-0.683
Chrotopterus_auritus,-87.5,20.3
Chrotopterus_auritus,-90.817,17.6
Chrotopterus_auritus,-90.983,18.8
Chrotopterus_auritus,-90.983,18.8
Chrotopterus_auritus,-58.663,5.033
Chrotopterus_auritus,-58.663,5.033
Chrotopterus_auritus,-58.663,5.033
Chrotopterus_auritus,-58.583,6.483
Chrotopterus_auritus,-58.7,5.15
Chrotopterus_auritus,-58.663,5.033
Chrotopterus_auritus,-58.85,4.367
Chrotopterus_auritus,-58.85,4.367
Chrotopterus_auritus,-58.717,4.733
Chrotopterus_auritus,-58.817,4.33
Chrotopterus_auritus,-59.083,4.533
Chrotopterus_auritus,-59.083,4.533
Chrotopterus_auritus,-59.083,4.533
Chrotopterus_auritus,-58.617,4.583
Chrotopterus_auritus,-58.617,4.583
Chrotopterus_auritus,-58.717,4.633
Chrotopterus_auritus,-58.85,4.73
Chrotopterus_auritus,-58.85,4.73
Chrotopterus_auritus,-58.85,4.73
Chrotopterus_auritus,-58.717,4.633
Chrotopterus_auritus,-58.85,4.67
Chrotopterus_auritus,-61.11,5.81
Chrotopterus_auritus,-58.717,4.633
Chrotopterus_auritus,-58.783,3.267
Chrotopterus_auritus,-58.817,3.183
Chrotopterus_auritus,-58.817,3.183
Chrotopterus_auritus,-58.817,3.183
Chrotopterus_auritus,-58.817,3.183
Chrotopterus_auritus,-58.817,3.183
Chrotopterus_auritus,-59.92,5.3
Chrotopterus_auritus,-58.517,4.283
Chrotopterus_auritus,-58.683,4.667
Chrotopterus_auritus,-58.85,4.333
Chrotopterus_auritus,-58.87,4.38
Chrotopterus_auritus,-57.3,5.167
Chrotopterus_auritus,-55.2,4.93
Chrotopterus_auritus,-76.45,-0.65
Chrotopterus_auritus,-58.7,5.15
Chrotopterus_auritus,-58.7,5.15
Chrotopterus_auritus,-58.7,5.15
Chrotopterus_auritus,-58.7,5.15
Chrotopterus_auritus,-58.7,5.15
Chrotopterus_auritus,-59.05,4.1
Chrotopterus_auritus,-58.683,4.667
Chrotopterus_auritus,-58.517,4.283
Chrotopterus_auritus,-58.517,4.283
Chrotopterus_auritus,-58.517,4.283
Chrotopterus_auritus,-58.917,4.383
Chrotopterus_auritus,-58.917,4.383
Chrotopterus_auritus,-58.683,4.667
Chrotopterus_auritus,-58.663,5.033
Chrotopterus_auritus,-58.663,5.033
Chrotopterus_auritus,-58.233,3.506
Chrotopterus_auritus,-58.233,3.506
Chrotopterus_auritus,-58.909,4.25
Chrotopterus_auritus,-58.909,4.25
Chrotopterus_auritus,-58.909,4.25
Chrotopterus_auritus,-57.178,4.661
Chrotopterus_auritus,-56.063,1.944
Chrotopterus_auritus,-56.063,1.944
Chrotopterus_auritus,-56.063,1.944
Chrotopterus_auritus,-55.21,4.93
Chrotopterus_auritus,-56.19,3.848
Chrotopterus_auritus,-49.667,-22.383
Chrotopterus_auritus,-49.667,-22.383
Chrotopterus_auritus,-49.667,-22.383
Cormura_brevirostris,-83.517,10.567
Cormura_brevirostris,-83.517,10.567
Cormura_brevirostris,-58.833,1.533
Cormura_brevirostris,-58.833,1.533
Cormura_brevirostris,-58.834,1.533
Cormura_brevirostris,-58.835,1.533
Cormura_brevirostris,-58.836,1.533
Cormura_brevirostris,-57.178,4.661
Cormura_brevirostris,-57.178,4.661
Cormura_brevirostris,-57.178,4.661
Cormura_brevirostris,-57.178,4.661
Cormura_brevirostris,-56.994,4.811
Cormura_brevirostris,-57.178,4.661
Cormura_brevirostris,-56.933,4.542
Cormura_brevirostris,-56.867,4.486
Cormura_brevirostris,-56.867,4.486
Cormura_brevirostris,-56.063,1.944
Cormura_brevirostris,-58.633,1.583
Cormura_brevirostris,-58.633,1.583
Cormura_brevirostris,-58.767,1.367
Cormura_brevirostris,-58.583,6.483
Cormura_brevirostris,-59.481,5.175
Cormura_brevirostris,-58.683,4.683
Cormura_brevirostris,-58.683,4.683
Cormura_brevirostris,-58.517,4.283
Cormura_brevirostris,-58.517,4.33
Cormura_brevirostris,-58.85,4.367
Cormura_brevirostris,-58.85,4.367
Cormura_brevirostris,-58.85,4.367
Cormura_brevirostris,-58.85,4.333
Cormura_brevirostris,-58.85,4.333
Cormura_brevirostris,-57.333,5.333
Cormura_brevirostris,-58.85,4.333
Cormura_brevirostris,-58.85,4.333
Cormura_brevirostris,-58.7,5.15
Cormura_brevirostris,-59.05,4.1
Cormura_brevirostris,-59.05,4.1
Cormura_brevirostris,-58.909,4.25
Cormura_brevirostris,-58.909,4.25
Cormura_brevirostris,-58.909,4.25
Cormura_brevirostris,-59.481,5.175
Cormura_brevirostris,-53.6556,5.4083
Cormura_brevirostris,-76.45,-0.65
Cormura_brevirostris,-76.45,-0.65
Cormura_brevirostris,-76.45,-0.65
Cormura_brevirostris,-76.767,-0.75
Cormura_brevirostris,-76.767,-0.75
Cormura_brevirostris,-76.45,-0.65
Cormura_brevirostris,-76.45,-0.65
Cyttarops_alecto,-83.517,10.567
Cyttarops_alecto,-58.217,6.5
Dermanura_anderseni,-75.2175,8.03022
Dermanura_anderseni,-75.2175,8.03022
Dermanura_anderseni,-75.2175,8.03022
Dermanura_anderseni,-76.47,-0.62
Dermanura_anderseni,-76.433,-0.683
Dermanura_anderseni,-76.333,-0.833
Dermanura_anderseni,-76.45,-0.633
Dermanura_anderseni,-76.217,-0.983
Dermanura_anderseni,-76.4,-0.667
Dermanura_anderseni,-76.35,-0.833
Dermanura_anderseni,-76.433,-0.683
Dermanura_anderseni,-76.433,-0.683
Dermanura_anderseni,-76.333,-0.833
Dermanura_anderseni,-76.45,-0.65
Dermanura_anderseni,-76.45,-0.65
Dermanura_anderseni,-76.4,-0.8
Dermanura_anderseni,-76.382,-0.68
Dermanura_anderseni,-73.28,-4.15
Dermanura_anderseni,-79.7,9.1
Dermanura_anderseni,-79.75,9.15
Dermanura_anderseni,-79.7,9.1
Dermanura_anderseni,-79.7,9.1
Dermanura_anderseni,-79.93,8.68
Dermanura_anderseni,-77.72,8
Dermanura_anderseni,-79.1,8.38
Dermanura_anderseni,-79.1,8.38
Dermanura_anderseni,-82.21,9.33
Dermanura_anderseni,-82.21,9.33
Dermanura_anderseni,-82.03,9.15
Dermanura_anderseni,-81.9,9.1
Dermanura_anderseni,-81.9,9.1
Dermanura_anderseni,-82.101,9.101
Dermanura_anderseni,-82.101,9.101
Dermanura_watsoni,-83.53,10.6
Dermanura_watsoni,-83.53,10.6
Dermanura_watsoni,-83.517,10.57
Dermanura_watsoni,-79.933,8.68
Dermanura_watsoni,-79.933,8.68
Dermanura_watsoni,-83.53299999,10.6
Dermanura_watsoni,-83.53299999,10.6
Dermanura_watsoni,-83.53299999,10.6
Dermanura_watsoni,-83.53299999,10.6
Dermanura_watsoni,-83.53299999,10.6
Dermanura_watsoni,-81.81,8.91
Dermanura_watsoni,-81.81,8.91
Dermanura_watsoni,-81.81,8.91
Dermanura_watsoni,-81.81,8.91
Dermanura_watsoni,-81.501,9.01
Dermanura_watsoni,-81.501,9.01
Dermanura_watsoni,-81.501,9.01
Dermanura_watsoni,-81.501,9.01
Dermanura_watsoni,-81.501,9.01
Dermanura_watsoni,-81.501,9.01
Dermanura_watsoni,-81.501,9.01
Dermanura_watsoni,-81.501,9.01
Dermanura_watsoni,-81.501,9.01
Dermanura_watsoni,-81.501,9.01
Dermanura_watsoni,-81.501,9.01
Dermanura_watsoni,-81.501,9.01
Dermanura_watsoni,-78.55,0.901
Dermanura_watsoni,-78.55,0.901
Dermanura_watsoni,-78.55,0.901
Desmodus_rotundus,-85.612,10.832
Desmodus_rotundus,-79.1,8.38
Desmodus_rotundus,-81.91,9.16
Desmodus_rotundus,-85.612,10.832
Desmodus_rotundus,-85.612,10.832
Desmodus_rotundus,-83.517,10.567
Desmodus_rotundus,-83.53,10.6
Desmodus_rotundus,-83.53,10.6
Desmodus_rotundus,-88.235,18.608
Desmodus_rotundus,-88.183,19.133
Desmodus_rotundus,-89.367,14.4
Desmodus_rotundus,-88.183,19.133
Desmodus_rotundus,-88.5,18.1
Desmodus_rotundus,-88.5,18.1
Desmodus_rotundus,-88.5,18.1
Desmodus_rotundus,-88.5,18.1
Desmodus_rotundus,-88.5,18.1
Desmodus_rotundus,-88.183,19.133
Desmodus_rotundus,-88.183,19.133
Desmodus_rotundus,-89.833,14.95
Desmodus_rotundus,-89.717,17.01
Desmodus_rotundus,-92.116,18.133
Desmodus_rotundus,-92.116,18.133
Desmodus_rotundus,-92.116,18.133
Desmodus_rotundus,-82.25,8.351
Desmodus_rotundus,-79.933,8.683
Desmodus_rotundus,-79.933,8.683
Desmodus_rotundus,-81.746,8.218
Desmodus_rotundus,-75.217,8.03
Desmodus_rotundus,-75.217,8.03
Desmodus_rotundus,-75.217,8.03
Desmodus_rotundus,-76.4,-0.8
Desmodus_rotundus,-76.4,-0.8
Desmodus_rotundus,-76.4,-0.8
Desmodus_rotundus,-76.4,-0.8
Desmodus_rotundus,-76.317,-0.833
Desmodus_rotundus,-76.45,-0.633
Desmodus_rotundus,-58.22,6.5
Desmodus_rotundus,-58.22,6.5
Desmodus_rotundus,-58.22,6.5
Desmodus_rotundus,-58.22,6.5
Desmodus_rotundus,-58.22,6.5
Desmodus_rotundus,-58.583,6.483
Desmodus_rotundus,-58.583,6.483
Desmodus_rotundus,-58.7,5.15
Desmodus_rotundus,-58.7,5.15
Desmodus_rotundus,-58.7,5.15
Desmodus_rotundus,-58.7,5.15
Desmodus_rotundus,-58.7,5.15
Desmodus_rotundus,-58.7,5.15
Desmodus_rotundus,-58.783,4.467
Desmodus_rotundus,-58.783,4.467
Desmodus_rotundus,-59.493,5.166
Desmodus_rotundus,-59.48,5.18
Desmodus_rotundus,-59.493,5.166
Desmodus_rotundus,-59.48,5.18
Desmodus_rotundus,-58.783,3.267
Desmodus_rotundus,-58.22,6.5
Desmodus_rotundus,-59.92,5.3
Desmodus_rotundus,-58.517,4.283
Desmodus_rotundus,-58.917,4.383
Desmodus_rotundus,-58.783,3.267
Desmodus_rotundus,-61.1,5.8
Desmodus_rotundus,-58.833,1.533
Desmodus_rotundus,-58.633,1.65
Desmodus_rotundus,-58.633,1.65
Desmodus_rotundus,-58.633,1.65
Desmodus_rotundus,-58.85,4.73
Desmodus_rotundus,-59.716,3.266
Desmodus_rotundus,-58.87,4.38
Desmodus_rotundus,-59.1,3.916
Desmodus_rotundus,-59.1,3.916
Desmodus_rotundus,-57.3,5.167
Desmodus_rotundus,-57.3,5.167
Desmodus_rotundus,-59.526,2.824
Desmodus_rotundus,-59.476,2.486
Desmodus_rotundus,-58.233,3.506
Desmodus_rotundus,-59.476,2.486
Desmodus_rotundus,-59.526,2.824
Desmodus_rotundus,-59.526,2.824
Desmodus_rotundus,-59.526,2.824
Desmodus_rotundus,-58.233,3.506
Desmodus_rotundus,-59.526,2.824
Desmodus_rotundus,-59.526,2.824
Desmodus_rotundus,-59.526,2.824
Desmodus_rotundus,-59.526,2.824
Desmodus_rotundus,-59.526,2.824
Desmodus_rotundus,-59.526,2.824
Desmodus_rotundus,-59.526,2.824
Desmodus_rotundus,-59.476,2.486
Desmodus_rotundus,-59.435,2.279
Desmodus_rotundus,-59.526,2.824
Desmodus_rotundus,-59.526,2.824
Desmodus_rotundus,-59.526,2.824
Desmodus_rotundus,-59.526,2.824
Desmodus_rotundus,-59.526,2.824
Desmodus_rotundus,-59.526,2.824
Desmodus_rotundus,-59.476,2.486
Desmodus_rotundus,-59.526,2.824
Desmodus_rotundus,-59.526,2.824
Desmodus_rotundus,-57.3,5.167
Desmodus_rotundus,-57.161,4.614
Desmodus_rotundus,-56.789,2.354
Desmodus_rotundus,-56.789,2.354
Desmodus_rotundus,-56.092,1.994
Desmodus_rotundus,-56.092,1.994
Desmodus_rotundus,-57.042,4.478
Desmodus_rotundus,-60.483,7.367
Desmodus_rotundus,-67.41,6.05
Desmodus_rotundus,-49.667,-22.383
Desmodus_rotundus,-49.667,-22.383
Desmodus_rotundus,-49.667,-22.383
Desmodus_rotundus,-49.667,-22.383
Desmodus_rotundus,-49.667,-22.383
Desmodus_rotundus,-49.667,-22.383
Desmodus_rotundus,-49.667,-22.383
Desmodus_rotundus,-49.667,-22.383
Diclidurus_albus,-88.65,17.76
Diclidurus_albus,-58.85,4.733
Eumops_hansae,-89.0349,17.6362
Eumops_hansae,-89.035,17.6363
Eumops_hansae,-58.817,4.333
Eumops_hansae,-59.05,4.101
Eumops_hansae,-59.05,4.101
Eumops_hansae,-58.85,4.667
Eumops_hansae,-58.717,4.733
Eumops_hansae,-59.083,4.533
Eumops_hansae,-59.017,4.75
Eumops_hansae,-76.45,-0.65
Eumops_hansae,-58.85,4.367
Eumops_hansae,-58.005,4.758
Eumops_hansae,-58.005,4.758
Eumops_hansae,-58.005,4.758
Furipterus_horrens,-58.909,4.25
Furipterus_horrens,-56.994,4.811
Furipterus_horrens,-56.994,4.811
Furipterus_horrens,-57.333,5.333
Furipterus_horrens,-39.844,-18.355
Furipterus_horrens,-76.45,-0.65
Glyphonycteris_silvestris,-58.767,1.367
Glyphonycteris_silvestris,-58.85,4.73
Glyphonycteris_silvestris,-58.917,4.383
Glyphonycteris_silvestris,-59.083,4.533
Glyphonycteris_silvestris,-78.16,-2.094
Histiotus_humboldti,-75.6703,5.9703
Histiotus_humboldti,-65.99,0.8859
Histiotus_humboldti,-66.9,10.53
Histiotus_montanus,-71.7333,-17.0667
Histiotus_montanus,-56.6838,-34.1675
Histiotus_montanus,-56.6836,-34.1672
Histiotus_sp1,-71.6045,-13.1777
Histiotus_velatus,-70.7167,-13.4
Histiotus_velatus,-42.8847,-20.7433
Histiotus_velatus,-47.6908,-23.3544
Histiotus_velatus,-47.6908,-23.3544
Hsunycteris_thomasi,-76.394,-0.676
Hsunycteris_thomasi,-76.77,-0.75
Hsunycteris_thomasi,-76.45,-0.65
Hsunycteris_thomasi,-76.394856,-0.676491
Hsunycteris_thomasi,-76.45,-0.65
Hsunycteris_thomasi,-76.317,-0.833
Hsunycteris_thomasi,-76.47,-0.62
Hsunycteris_thomasi,-76.47,-0.62
Hsunycteris_thomasi,-76.45,-0.633
Hsunycteris_thomasi,-76.45,-0.65
Hsunycteris_thomasi,-76.19,-1.06
Hsunycteris_thomasi,-76.217,-0.983
Hsunycteris_thomasi,-76.433,-0.683
Hsunycteris_thomasi,-76.47,-0.62
Hsunycteris_thomasi,-76.45,-0.633
Hsunycteris_thomasi,-76.77,-0.75
Hsunycteris_thomasi,-76.433,-0.683
Hsunycteris_thomasi,-76.45,-0.65
Hsunycteris_thomasi,-76.45,-0.65
Hsunycteris_thomasi,-76.45,-0.65
Hsunycteris_thomasi,-76.35,-0.833
Hsunycteris_thomasi,-76.4,-0.68
Hsunycteris_thomasi,-76.4,-0.68
Hsunycteris_thomasi,-76.433,-0.683
Hsunycteris_thomasi,-76.47,-0.62
Hsunycteris_thomasi,-76.45,-0.65
Hsunycteris_thomasi,-76.35,-0.833
Hsunycteris_thomasi,-76.35,-0.833
Hsunycteris_thomasi,-76.433,-0.683
Hsunycteris_thomasi,-76.47,-0.62
Hsunycteris_thomasi,-76.454,-0.657
Hsunycteris_thomasi,-66.117,6.433
Hsunycteris_thomasi,-76.95,-1.1167
Hsunycteris_thomasi,-58.767,1.367
Hsunycteris_thomasi,-59.92,5.33
Hsunycteris_thomasi,-59.15,7.566
Hsunycteris_thomasi,-57.333,5.333
Hsunycteris_thomasi,-57.333,5.333
Hsunycteris_thomasi,-57.333,5.333
Hsunycteris_thomasi,-57.3,5.167
Hsunycteris_thomasi,-60.483,7.367
Hsunycteris_thomasi,-60.483,7.367
Hsunycteris_thomasi,-60.45,7.35
Hsunycteris_thomasi,-60.483,7.367
Hsunycteris_thomasi,-58.7,5.15
Hsunycteris_thomasi,-58.767,1.367
Hsunycteris_thomasi,-58.633,1.583
Hsunycteris_thomasi,-58.22,6.5
Hsunycteris_thomasi,-58.663,5.033
Hsunycteris_thomasi,-58.783,3.267
Hsunycteris_thomasi,-58.817,3.183
Hsunycteris_thomasi,-58.817,3.183
Hsunycteris_thomasi,-58.817,3.183
Hsunycteris_thomasi,-58.817,3.183
Hsunycteris_thomasi,-58.22,6.5
Hsunycteris_thomasi,-58.583,6.483
Hsunycteris_thomasi,-58.683,4.683
Hsunycteris_thomasi,-58.683,4.683
Hsunycteris_thomasi,-58.683,4.683
Hsunycteris_thomasi,-58.683,4.683
Hsunycteris_thomasi,-60.767,5.333
Hsunycteris_thomasi,-59.817,5.133
Hsunycteris_thomasi,-59.817,5.133
Hsunycteris_thomasi,-59.817,5.133
Hsunycteris_thomasi,-59.578,5.314
Hsunycteris_thomasi,-61.1,5.8
Hsunycteris_thomasi,-61.1,5.8
Hsunycteris_thomasi,-61.1,5.8
Hsunycteris_thomasi,-57.042,4.478
Hsunycteris_thomasi,-57.042,4.478
Hsunycteris_thomasi,-56.904,4.529
Hsunycteris_thomasi,-59.383,7.517
Hsunycteris_thomasi,-59.578,5.314
Hsunycteris_thomasi,-58.85,4.67
Hsunycteris_thomasi,-60.767,5.333
Hsunycteris_thomasi,-58.683,4.667
Hsunycteris_thomasi,-58.683,4.667
Hsunycteris_thomasi,-58.717,4.733
Hsunycteris_thomasi,-58.717,4.733
Hsunycteris_thomasi,-58.717,4.733
Hsunycteris_thomasi,-58.817,4.33
Hsunycteris_thomasi,-58.817,4.33
Hsunycteris_thomasi,-59.083,4.533
Hsunycteris_thomasi,-58.85,4.367
Hsunycteris_thomasi,-59.017,4.75
Hsunycteris_thomasi,-58.85,4.367
Hsunycteris_thomasi,-58.233,3.506
Hsunycteris_thomasi,-58.683,4.683
Hsunycteris_thomasi,-58.683,4.683
Hsunycteris_thomasi,-58.233,3.506
Hsunycteris_thomasi,-58.233,3.506
Hsunycteris_thomasi,-58.233,3.506
Hsunycteris_thomasi,-58.233,3.506
Hsunycteris_thomasi,-58.683,4.683
Hsunycteris_thomasi,-58.817,3.183
Hsunycteris_thomasi,-58.917,4.383
Hsunycteris_thomasi,-58.683,4.667
Hsunycteris_thomasi,-58.517,4.283
Hsunycteris_thomasi,-58.663,5.033
Hsunycteris_thomasi,-58.517,4.283
Hsunycteris_thomasi,-58.917,4.383
Hsunycteris_thomasi,-58.717,4.633
Hsunycteris_thomasi,-58.917,4.383
Hsunycteris_thomasi,-58.917,4.383
Hsunycteris_thomasi,-58.917,4.383
Hsunycteris_thomasi,-58.917,4.383
Hsunycteris_thomasi,-58.917,4.383
Hsunycteris_thomasi,-61.1,5.8
Hsunycteris_thomasi,-58.85,4.73
Hsunycteris_thomasi,-58.767,1.367
Hsunycteris_thomasi,-58.717,4.633
Hsunycteris_thomasi,-58.717,4.633
Hsunycteris_thomasi,-58.717,4.633
Hsunycteris_thomasi,-58.717,4.633
Hsunycteris_thomasi,-58.85,4.73
Hsunycteris_thomasi,-59.017,4.75
Hsunycteris_thomasi,-57.367,5.383
Hsunycteris_thomasi,-57.3,5.167
Hsunycteris_thomasi,-57.333,5.333
Hsunycteris_thomasi,-59.05,4.1
Hsunycteris_thomasi,-60.483,7.367
Hsunycteris_thomasi,-59.05,4.1
Hsunycteris_thomasi,-59.05,4.1
Hsunycteris_thomasi,-60.533,7.383
Hsunycteris_thomasi,-60.483,7.367
Hsunycteris_thomasi,-59.05,4.1
Hsunycteris_thomasi,-59.05,4.1
Hsunycteris_thomasi,-58.909,4.25
Hsunycteris_thomasi,-58.909,4.25
Hsunycteris_thomasi,-58.909,4.25
Hsunycteris_thomasi,-58.909,4.25
Hsunycteris_thomasi,-58.909,4.25
Hsunycteris_thomasi,-58.909,4.25
Hsunycteris_thomasi,-58.909,4.25
Hsunycteris_thomasi,-58.909,4.25
Hsunycteris_thomasi,-58.909,4.25
Hsunycteris_thomasi,-58.909,4.25
Hsunycteris_thomasi,-55.2,4.93
Hsunycteris_thomasi,-55.183,4.95
Hsunycteris_thomasi,-57.178,4.661
Hsunycteris_thomasi,-56.994,4.811
Hsunycteris_thomasi,-57.178,4.661
Hsunycteris_thomasi,-56.781,4.853
Hsunycteris_thomasi,-56.906,4.469
Hsunycteris_thomasi,-56.933,4.542
Hsunycteris_thomasi,-56.933,4.542
Hsunycteris_thomasi,-56.781,4.853
Hsunycteris_thomasi,-56.994,4.811
Hsunycteris_thomasi,-56.994,4.811
Hsunycteris_thomasi,-56.781,4.853
Hsunycteris_thomasi,-57.178,4.661
Hsunycteris_thomasi,-56.063,1.944
Hsunycteris_thomasi,-56.789,2.35429
Hsunycteris_thomasi,-56.063,1.944
Hsunycteris_thomasi,-56.063,1.944
Hsunycteris_thomasi,-56.063,1.944
Hsunycteris_thomasi,-56.063,1.944
Hsunycteris_thomasi,-56.0921,1.9944
Hsunycteris_thomasi,-56.092,1.994
Hsunycteris_thomasi,-56.124,2.026
Hsunycteris_thomasi,-55.183,4.95
Hsunycteris_thomasi,-55.217,4.933
Hsunycteris_thomasi,-55.2,4.933
Hsunycteris_thomasi,-55.183,4.95
Hsunycteris_thomasi,-55.183,4.95
Hsunycteris_thomasi,-57.057,4.476
Hsunycteris_thomasi,-57.042,4.478
Hsunycteris_thomasi,-57.042,4.478
Hsunycteris_thomasi,-57.042,4.478
Hsunycteris_thomasi,-57.042,4.478
Hsunycteris_thomasi,-57.042,4.478
Hsunycteris_thomasi,-57.042,4.478
Hsunycteris_thomasi,-56.904,4.529
Hsunycteris_thomasi,-56.904,4.529
Hsunycteris_thomasi,-56.904,4.529
Hsunycteris_thomasi,-55.2,4.933
Hsunycteris_thomasi,-55.183,4.95
Hsunycteris_thomasi,-55.2,4.933
Hsunycteris_thomasi,-55.2,4.933
Hsunycteris_thomasi,-56.788,2.17526
Hsunycteris_thomasi,-56.788,2.17526
Hsunycteris_thomasi,-56.788,2.17526
Hsunycteris_thomasi,-55.2,4.933
Hsunycteris_thomasi,-55.2,4.933
Hsunycteris_thomasi,-56.607,2.289
Hsunycteris_thomasi,-55.183,4.95
Hsunycteris_thomasi,-55.183,4.95
Hsunycteris_thomasi,-55.183,4.95
Hsunycteris_thomasi,-56.19,3.848
Hsunycteris_thomasi,-56.19,3.848
Hsunycteris_thomasi,-56.19,3.848
Hsunycteris_thomasi,-56.19,3.848
Hsunycteris_thomasi,-56.19,3.848
Hsunycteris_thomasi,-56.19,3.848
Hylonycteris_underwoodi,-82.97,9.08
Hylonycteris_underwoodi,-83.517,10.567
Hylonycteris_underwoodi,-83.53,10.6
Hylonycteris_underwoodi,-83.53,10.6
Hylonycteris_underwoodi,-82.95,9.13
Hylonycteris_underwoodi,-82.96,9.1
Hylonycteris_underwoodi,-82.75,8.867
Lasiurus_blossevillii,-91.15,14.75
Lasiurus_blossevillii,-91.15,14.75
Lasiurus_blossevillii,-91.15,14.75
Lasiurus_blossevillii,-82.75,8.867
Lasiurus_blossevillii,-92.616,16.707
Lasiurus_blossevillii,-56.867,4.486
Lasiurus_blossevillii,-49.667,-22.383
Lasiurus_blossevillii,-49.667,-22.383
Lasiurus_blossevillii,-49.37,-20.87
Lasiurus_blossevillii,-46.88,-23.16
Lasiurus_blossevillii,-47.23,-23.31
Lasiurus_blossevillii,-47,-22.8
Lasiurus_blossevillii,-47,-22.8
Lasiurus_blossevillii,-65.468,-26.769
Lasiurus_blossevillii,-64.1,-31.4
Lasiurus_blossevillii,-65.4502,-26.0894
Lasiurus_ega,-88.5,18.1
Lasiurus_ega,-64.452,-16.731
Lasiurus_ega,-49.9,-22.18
Lophostoma_silvicola,-76.433,-0.683
Lophostoma_silvicola,-76.433,-0.683
Lophostoma_silvicola,-76.433,-0.683
Lophostoma_silvicola,-76.433,-0.783
Lophostoma_silvicola,-76.45,-0.633
Lophostoma_silvicola,-76.4,-0.68
Lophostoma_silvicola,-76.35,-0.833
Lophostoma_silvicola,-76.433,-0.683
Lophostoma_silvicola,-76.4,-0.8
Lophostoma_silvicola,-76.45,-0.65
Lophostoma_silvicola,-76.19,-1.06
Lophostoma_silvicola,-76.433,-0.683
Lophostoma_silvicola,-76.4,-0.667
Lophostoma_silvicola,-76.45,-0.65
Lophostoma_silvicola,-76.4,-0.68
Lophostoma_silvicola,-76.45,-0.65
Lophostoma_silvicola,-76.45,-0.65
Lophostoma_silvicola,-76.45,-0.65
Lophostoma_silvicola,-76.4,-0.8
Lophostoma_silvicola,-76.4,-0.8
Lophostoma_silvicola,-76.4,-0.8
Lophostoma_silvicola,-76.433,-0.783
Lophostoma_silvicola,-76.4,-0.68
Lophostoma_silvicola,-76.454,-0.657
Lophostoma_silvicola,-76.432,-0.686
Lophostoma_silvicola,-79.933,8.683
Lophostoma_silvicola,-79.933,8.683
Lophostoma_silvicola,-79.933,8.683
Lophostoma_silvicola,-58.22,6.5
Lophostoma_silvicola,-58.22,6.5
Lophostoma_silvicola,-58.22,6.5
Lophostoma_silvicola,-58.583,6.483
Lophostoma_silvicola,-58.583,6.483
Lophostoma_silvicola,-55.183,4.95
Lophostoma_silvicola,-57.042,4.478
Lophostoma_silvicola,-56.904,4.529
Lophostoma_silvicola,-59.578,5.314
Lophostoma_silvicola,-58.85,4.67
Lophostoma_silvicola,-58.583,6.483
Lophostoma_silvicola,-58.583,6.483
Lophostoma_silvicola,-58.683,4.683
Lophostoma_silvicola,-59.476,2.486
Lophostoma_silvicola,-59.476,2.486
Lophostoma_silvicola,-59.476,2.486
Lophostoma_silvicola,-58.583,6.483
Lophostoma_silvicola,-58.233,3.506
Lophostoma_silvicola,-59.476,2.486
Lophostoma_silvicola,-58.23,3.51
Lophostoma_silvicola,-58.233,3.506
Lophostoma_silvicola,-58.23,3.51
Lophostoma_silvicola,-58.683,4.683
Lophostoma_silvicola,-58.683,4.683
Lophostoma_silvicola,-58.23,3.51
Lophostoma_silvicola,-58.233,3.506
Lophostoma_silvicola,-58.22,6.5
Lophostoma_silvicola,-58.817,3.183
Lophostoma_silvicola,-58.817,3.183
Lophostoma_silvicola,-58.22,6.5
Lophostoma_silvicola,-58.817,3.183
Lophostoma_silvicola,-58.817,3.183
Lophostoma_silvicola,-58.817,3.183
Lophostoma_silvicola,-58.817,3.183
Lophostoma_silvicola,-58.817,3.183
Lophostoma_silvicola,-58.22,6.5
Lophostoma_silvicola,-58.517,4.283
Lophostoma_silvicola,-58.917,4.383
Lophostoma_silvicola,-58.22,6.5
Lophostoma_silvicola,-58.783,3.267
Lophostoma_silvicola,-58.517,4.283
Lophostoma_silvicola,-58.783,3.267
Lophostoma_silvicola,-58.517,4.283
Lophostoma_silvicola,-58.683,4.667
Lophostoma_silvicola,-58.22,6.5
Lophostoma_silvicola,-58.917,4.383
Lophostoma_silvicola,-58.22,6.5
Lophostoma_silvicola,-58.683,4.667
Lophostoma_silvicola,-58.683,4.667
Lophostoma_silvicola,-58.767,4.45
Lophostoma_silvicola,-58.917,4.383
Lophostoma_silvicola,-58.517,4.283
Lophostoma_silvicola,-58.517,4.283
Lophostoma_silvicola,-58.517,4.283
Lophostoma_silvicola,-59.017,4.75
Lophostoma_silvicola,-58.517,4.283
Lophostoma_silvicola,-58.517,4.283
Lophostoma_silvicola,-58.683,4.667
Lophostoma_silvicola,-58.22,6.5
Lophostoma_silvicola,-58.683,4.667
Lophostoma_silvicola,-58.517,4.283
Lophostoma_silvicola,-58.717,4.733
Lophostoma_silvicola,-59.083,4.533
Lophostoma_silvicola,-59.083,4.533
Lophostoma_silvicola,-58.8,4.333
Lophostoma_silvicola,-59.017,4.75
Lophostoma_silvicola,-58.85,4.367
Lophostoma_silvicola,-58.717,4.733
Lophostoma_silvicola,-58.767,1.367
Lophostoma_silvicola,-58.617,4.583
Lophostoma_silvicola,-58.85,4.67
Lophostoma_silvicola,-58.85,4.73
Lophostoma_silvicola,-58.633,1.583
Lophostoma_silvicola,-58.633,1.583
Lophostoma_silvicola,-58.617,4.583
Lophostoma_silvicola,-58.617,4.583
Lophostoma_silvicola,-61.1,5.8
Lophostoma_silvicola,-58.833,1.533
Lophostoma_silvicola,-58.617,4.583
Lophostoma_silvicola,-58.617,4.583
Lophostoma_silvicola,-59.017,4.75
Lophostoma_silvicola,-58.85,4.73
Lophostoma_silvicola,-59.3,3.75
Lophostoma_silvicola,-59.3,3.75
Lophostoma_silvicola,-60.483,7.367
Lophostoma_silvicola,-58.85,4.333
Lophostoma_silvicola,-59.3,3.75
Lophostoma_silvicola,-59.3,3.75
Lophostoma_silvicola,-60.483,7.367
Lophostoma_silvicola,-58.85,4.333
Lophostoma_silvicola,-59.3,3.75
Lophostoma_silvicola,-60.483,7.367
Lophostoma_silvicola,-59.15,7.566
Lophostoma_silvicola,-57.367,5.383
Lophostoma_silvicola,-57.3,5.167
Lophostoma_silvicola,-59.05,4.1
Lophostoma_silvicola,-58.7,5.15
Lophostoma_silvicola,-58.683,4.667
Lophostoma_silvicola,-58.7,5.15
Lophostoma_silvicola,-58.7,5.15
Lophostoma_silvicola,-58.7,5.15
Lophostoma_silvicola,-58.7,5.15
Lophostoma_silvicola,-59.05,4.1
Lophostoma_silvicola,-58.7,5.15
Lophostoma_silvicola,-59.05,4.1
Lophostoma_silvicola,-58.783,4.467
Lophostoma_silvicola,-58.7,5.15
Lophostoma_silvicola,-58.909,4.25
Lophostoma_silvicola,-58.909,4.25
Lophostoma_silvicola,-58.909,4.25
Lophostoma_silvicola,-57.178,4.661
Lophostoma_silvicola,-57.178,4.661
Lophostoma_silvicola,-57.178,4.661
Lophostoma_silvicola,-56.0921,1.9944
Lophostoma_silvicola,-56.092,1.994
Lophostoma_silvicola,-56.092,1.994
Lophostoma_silvicola,-55.217,4.933
Lophostoma_silvicola,-55.2,4.933
Lophostoma_silvicola,-56.904,4.529
Lophostoma_silvicola,-55.2,4.933
Lophostoma_silvicola,-58.767,4.45
Lophostoma_silvicola,-58.517,4.283
Lophostoma_silvicola,-58.917,4.383
Lophostoma_silvicola,-58.767,4.45
Lophostoma_silvicola,-58.917,4.383
Lophostoma_silvicola,-58.767,4.45
Lophostoma_silvicola,-59.017,4.75
Lophostoma_silvicola,-58.717,4.633
Lophostoma_silvicola,-58.85,4.733
Lophostoma_silvicola,-58.783,4.467
Lophostoma_silvicola,-56.788,2.17526
Lophostoma_silvicola,-56.788,2.17526
Lophostoma_silvicola,-56.788,2.17526
Lophostoma_silvicola,-56.607,2.289
Lophostoma_silvicola,-56.607,2.289
Lophostoma_silvicola,-56.607,2.289
Lophostoma_silvicola,-56.607,2.289
Lophostoma_silvicola,-56.607,2.289
Lophostoma_silvicola,-56.607,2.289
Lophostoma_silvicola,-55.183,4.95
Lophostoma_silvicola,-55.167,4.933
Lophostoma_silvicola,-56.19,3.93
Lophostoma_silvicola,-52.364,-14.673
Macrophyllum_macrophyllum,-79.7,9.1
Macrophyllum_macrophyllum,-79.7,9.1
Macrophyllum_macrophyllum,-79.7,9.1
Macrophyllum_macrophyllum,-58.767,1.367
Macrophyllum_macrophyllum,-58.767,1.367
Macrophyllum_macrophyllum,-58.633,1.583
Macrophyllum_macrophyllum,-58.517,4.283
Macrophyllum_macrophyllum,-58.783,4.467
Macrophyllum_macrophyllum,-58.683,4.683
Macrophyllum_macrophyllum,-58.683,4.667
Macrophyllum_macrophyllum,-58.767,1.367
Macrophyllum_macrophyllum,-58.783,4.467
Macrophyllum_macrophyllum,-57.178,4.661
Macrophyllum_macrophyllum,-76.433,-0.683
Macrophyllum_macrophyllum,-76.433,-0.683
Macrophyllum_macrophyllum,-76.467,-0.683
Macrophyllum_macrophyllum,-76.467,-0.683
Macrophyllum_macrophyllum,-76.467,-0.683
Molossops_neglectus,-51.968,-23.433
Molossops_neglectus,-47,-23.57
Molossops_neglectus,-47,-23.57
Molossops_neglectus,-47,-23.57
Molossops_neglectus,-51.968,-23.433
Molossops_neglectus,-58.909,4.25
Molossops_neglectus,-56.933,4.542
Molossops_neglectus,-56.904,4.529
Molossops_neglectus,-56.904,4.529
Molossops_neglectus,-58.85,4.367
Molossops_neglectus,-58.85,4.367
Molossops_neglectus,-58.85,4.367
Molossops_neglectus,-58.85,4.367
Molossops_neglectus,-58.85,4.367
Molossops_neglectus,-58.85,4.367
Molossops_neglectus,-58.85,4.367
Molossops_neglectus,-58.85,4.367
Monophyllus_redmani,-77.09,18.151
Monophyllus_redmani,-77.09,18.151
Monophyllus_redmani,-77.09,18.151
Monophyllus_redmani,-77.09,18.151
Monophyllus_redmani,-71.635,17.966
Monophyllus_redmani,-71.635,17.966
Monophyllus_redmani,-71.635,17.966
Monophyllus_redmani,-70.135,18.466
Monophyllus_redmani,-70.863,19.067
Monophyllus_redmani,-70.863,19.067
Monophyllus_redmani,-70.079,19.132
Monophyllus_redmani,-70.079,19.132
Monophyllus_redmani,-70.079,19.132
Monophyllus_redmani,-69.576,18.869
Monophyllus_redmani,-69.576,18.869
Monophyllus_redmani,-69.576,18.869
Monophyllus_redmani,-69.007,18.925
Monophyllus_redmani,-68.38,18.525
Myotis_nigricans,-76.45,-0.633
Myotis_nigricans,-76.45,-0.633
Myotis_nigricans,-76.433,-0.633
Myotis_nigricans,-76.45,-0.65
Myotis_nigricans,-76.45,-0.633
Myotis_nigricans,-76.45,-0.65
Myotis_nigricans,-76.45,-0.65
Myotis_nigricans,-59.717,3.267
Myotis_nigricans,-59.717,3.267
Myotis_nigricans,-59.717,3.267
Myotis_nigricans,-59.717,3.267
Myotis_nigricans,-59.3,3.75
Myotis_nigricans,-59.3,3.75
Myotis_nigricans,-58.7,5.15
Myotis_nigricans,-58.7,5.15
Myotis_nigricans,-58.7,5.15
Myotis_nigricans,-58.633,1.583
Myotis_nigricans,-58.633,1.583
Myotis_nigricans,-58.633,1.65
Myotis_nigricans,-59.526,2.824
Myotis_nigricans,-59.435,2.279
Myotis_nigricans,-59.435,2.279
Myotis_nigricans,-59.476,2.486
Myotis_nigricans,-59.476,2.486
Myotis_nigricans,-59.476,2.486
Myotis_nigricans,-56.933,4.542
Myotis_nigricans,-58.8667,4.3833
Myotis_nigricans,-57.367,5.383
Myotis_nigricans,-59.017,4.75
Myotis_nigricans,-59.917,5.333
Myotis_nigricans,-61.067,5.817
Myotis_nigricans,-61.067,5.817
Myotis_nigricans,-61.067,5.817
Myotis_nigricans,-76.317,-0.833
Myotis_nigricans,-82.95,9.13
Myotis_nigricans,-71.6,-13.17
Myotis_nigricans,-64.3,-19.3
Myotis_nigricans,-65.9247,-27.323
Myotis_nigricans,-65.9247,-27.323
Myotis_nigricans,-64.784,-21.939
Myotis_nigricans,-47.14,-23.3
Myotis_nigricans,-47,-23.57
Myotis_nigricans,-46.88,-23.16
Myotis_nigricans,-65.474,-17.061
Myotis_riparius,-76.476,-0.688
Myotis_riparius,-76.476,-0.688
Myotis_riparius,-76.45,-0.65
Myotis_riparius,-76.45,-0.65
Myotis_riparius,-76.433,-0.683
Myotis_riparius,-76.467,-0.617
Myotis_riparius,-76.467,-0.617
Myotis_riparius,-76.333,-0.833
Myotis_riparius,-76.45,-0.65
Myotis_riparius,-76.45,-0.633
Myotis_riparius,-76.45,-0.65
Myotis_riparius,-76.45,-0.65
Myotis_riparius,-76.454,-0.657
Myotis_riparius,-76.57,-1.48
Myotis_riparius,-76.454,-0.657
Myotis_riparius,-76.334,-0.837
Myotis_riparius,-76.433,-0.683
Myotis_riparius,-76.433,-0.683
Myotis_riparius,-76.433,-0.683
Myotis_riparius,-76.433,-0.683
Myotis_riparius,-76.433,-0.783
Myotis_riparius,-76.433,-0.783
Myotis_riparius,-76.433,-0.683
Myotis_riparius,-49.667,-22.383
Myotis_riparius,-51.86,-23.34
Myotis_riparius,-51.86,-23.34
Myotis_riparius,-56.295,-23.813
Myotis_riparius,-64.234,-17.403
Myotis_riparius,-64.819,-16.976
Myotis_riparius,-66.812,-14.59
Myotis_riparius,-64.0934,-21.7828
Myotis_riparius,-64.5431,-23.2273
Myotis_riparius,-64.5431,-23.2273
Myotis_riparius,-58.85,4.333
Myotis_riparius,-59.05,4.1
Myotis_riparius,-56.092,1.994
Myotis_riparius,-56.698,2.363
Myotis_riparius,-59.05,4.1
Myotis_riparius,-59.05,4.1
Myotis_riparius,-59.05,4.1
Myotis_riparius,-59.817,5.133
Myotis_riparius,-55.183,4.95
Myotis_riparius,-59.91,5.33
Myotis_riparius,-58.85,4.733
Myotis_riparius,-58.783,3.267
Myotis_riparius,-56.19,3.93
Myotis_riparius,-58.633,1.583
Myotis_riparius,-51.86,-23.34
Myotis_riparius,-63.702,-13.272
Myotis_riparius,-49.667,-22.383
Myotis_riparius,-49.667,-22.383
Myotis_riparius,-56.607,2.289
Myotis_riparius,-60.767,5.333
Myotis_riparius,-58.683,4.667
Myotis_riparius,-56.788,2.17526
Myotis_riparius,-58.767,1.367
Myotis_riparius,-58.633,1.65
Myotis_riparius,-49.667,-22.383
Myotis_riparius,-59.05,4.1
Myotis_riparius,-59.05,4.1
Myotis_riparius,-56.092,1.994
Myotis_riparius,-59.05,4.1
Myotis_riparius,-59.05,4.1
Myotis_riparius,-59.817,5.117
Myotis_riparius,-59.867,5.067
Myotis_riparius,-61.1,5.8
Myotis_riparius,-59.95,5.333
Myotis_riparius,-59.95,5.333
Myotis_riparius,-49.667,-22.383
Myotis_riparius,-58.78,3.27
Myotis_riparius,-58.78,3.27
Myotis_riparius,-60.05,-2.39
Myotis_riparius,-59.05,4.1
Myotis_riparius,-60.767,5.333
Myotis_riparius,-55.183,4.95
Myotis_riparius,-82.75,8.867
Myotis_riparius,-82.75,8.867
Myotis_riparius,-82.75,8.867
Myotis_riparius,-83.517,10.567
Myotis_riparius,-83.53,10.6
Myotis_riparius,-60.617,5.867
Myotis_riparius,-59.614,5.25
Myotis_riparius,-58.217,6.5
Myotis_riparius,-58.217,6.5
Myotis_riparius,-58.217,6.5
Myotis_riparius,-58.217,6.5
Myotis_riparius,-58.217,6.5
Myotis_riparius,-58.217,6.5
Myotis_riparius,-58.217,6.5
Myotis_riparius,-58.217,6.5
Myotis_riparius,-58.217,6.5
Myotis_riparius,-58.217,6.5
Myotis_riparius,-59.493,5.166
Myotis_riparius,-59.481,5.175
Myotis_riparius,-59.481,5.175
Myotis_riparius,-59.614,5.25
Myotis_riparius,-59.614,5.25
Myotis_riparius,-59.614,5.175
Myotis_riparius,-59.614,5.25
Myotis_riparius,-59.614,5.175
Myotis_riparius,-59.967,5.383
Myotis_riparius,-49.667,-22.383
Myotis_riparius,-49.667,-22.383
Myotis_riparius,-49.667,-22.383
Myotis_riparius,-47,-22.8
Myotis_riparius,-39.9086,-19.1978
Myotis_riparius,-83.517,10.567
Myotis_riparius,-83.53,10.6
Myotis_riparius,-79.7,9.1
Myotis_riparius,-79.7,9.1
Myotis_riparius,-79.7,9.1
Myotis_riparius,-82.413,9.299
Myotis_riparius,-80.025,9.222
Myotis_riparius,-82.413,9.299
Myotis_riparius,-79.694,9.117
Myotis_riparius,-82.413,9.299
Myotis_riparius,-82.413,9.299
Myotis_riparius,-79.694,9.117
Myotis_riparius,-82.413,9.299
Myotis_riparius,-82.413,9.299
Myotis_riparius,-82.401,9.295
Myotis_riparius,-82.034,9.154
Myotis_riparius,-85.6127,10.8348
Myotis_riparius,-85.6127,10.8348
Myotis_riparius,-75.2175,8.0302
Myotis_riparius,-75.2175,8.0302
Myotis_riparius,-75.2175,8.0302
Myotis_riparius,-75.2175,8.0302
Myotis_riparius,-82.75,8.867
Myotis_riparius,-82.75,8.867
Myotis_spBrazil,-47,-22.8
Myotis_spBrazil,-46.88,-23.16
Myotis_spBrazil,-47,-22.8
Myotis_spBrazil,-47,-22.8
Myotis_spBrazil,-47,-22.8
Myotis_spBrazil,-47.52,-23.47
Myotis_spBrazil,-47,-23.57
Myotis_spBrazil,-46.88,-23.17
Myotis_spBrazil,-47,-22.8
Myotis_spBrazil,-47,-22.8
Myotis_spBrazil,-47,-22.8
Myotis_spBrazil,-47.87,-22.6
Myotis_spBrazil,-47,-23.57
Myotis_spBrazil,-47.64,-22.66
Myotis_spBrazil,-47.52,-23.47
Myotis_spBrazil,-47,-23.55
Myotis_spBrazil,-47.64,-22.66
Myotis_spBrazil,-47.52,-23.47
Myotis_spBrazil,-46.88,-23.16
Myotis_spBrazil,-47.52,-23.47
Myotis_spBrazil,-46.88,-23.16
Neoeptesicus_brasiliensis,-91.313,16.2
Neoeptesicus_brasiliensis,-84.817,10.267
Neoeptesicus_brasiliensis,-82.75,8.867
Neoeptesicus_brasiliensis,-82.432,8.763
Neoeptesicus_chiriquinus,-64.524,-22.202
Neoeptesicus_chiriquinus,-81.823,8.925
Neoeptesicus_chiriquinus,-81.823,8.925
Neoeptesicus_chiriquinus,-81.823,8.925
Neoeptesicus_chiriquinus,-81.823,8.925
Neoeptesicus_chiriquinus,-72.6445,4.18775
Neoeptesicus_chiriquinus,-58.909,4.25
Neoeptesicus_chiriquinus,-57.178,4.661
Neoeptesicus_chiriquinus,-57.178,4.661
Neoeptesicus_chiriquinus,-57.178,4.661
Neoeptesicus_chiriquinus,-57.161,4.614
Neoeptesicus_chiriquinus,-57.161,4.614
Neoeptesicus_chiriquinus,-57.161,4.614
Neoeptesicus_chiriquinus,-57.178,4.661
Neoeptesicus_chiriquinus,-57.178,4.661
Neoeptesicus_chiriquinus,-56.933,4.542
Neoeptesicus_chiriquinus,-56.933,4.542
Neoeptesicus_chiriquinus,-56.933,4.542
Neoeptesicus_chiriquinus,-56.933,4.542
Neoeptesicus_chiriquinus,-56.933,4.542
Neoeptesicus_chiriquinus,-56.933,4.542
Neoeptesicus_chiriquinus,-56.933,4.542
Neoeptesicus_chiriquinus,-56.933,4.542
Neoeptesicus_chiriquinus,-56.867,4.486
Neoeptesicus_chiriquinus,-56.994,4.811
Neoeptesicus_chiriquinus,-56.781,4.853
Neoeptesicus_chiriquinus,-56.781,4.853
Neoeptesicus_chiriquinus,-60.483,7.367
Neoeptesicus_chiriquinus,-55.183,4.95
Neoeptesicus_chiriquinus,-61.312,10.716
Neoeptesicus_furinalis,-99.1,23.1
Neoeptesicus_furinalis,-76.35,-0.833
Neoeptesicus_furinalis,-76.45,-0.65
Neoeptesicus_furinalis,-76.35,-0.833
Neoeptesicus_furinalis,-87.49,20.25
Neoeptesicus_furinalis,-87.49,20.25
Neoeptesicus_furinalis,-87.49,20.25
Neoeptesicus_furinalis,-87.49,20.25
Neoeptesicus_furinalis,-87.49,20.25
Neoeptesicus_furinalis,-87.49,20.25
Neoeptesicus_furinalis,-87.49,20.25
Neoeptesicus_furinalis,-87.49,20.25
Neoeptesicus_furinalis,-89.617,17.2
Neoeptesicus_furinalis,-88.5,18.1
Neoeptesicus_furinalis,-87.492,19.829
Neoeptesicus_furinalis,-56.149,3.791
Neoeptesicus_furinalis,-58.909,4.25
Neoeptesicus_furinalis,-56.149,3.791
Neoeptesicus_furinalis,-56.994,4.811
Neoeptesicus_furinalis,-56.994,4.811
Neoeptesicus_furinalis,-56.994,4.811
Neoeptesicus_furinalis,-56.994,4.811
Neoeptesicus_furinalis,-56.994,4.811
Neoeptesicus_furinalis,-56.994,4.811
Neoeptesicus_furinalis,-56.781,4.853
Neoeptesicus_furinalis,-57.042,4.478
Neoeptesicus_furinalis,-56.149,3.791
Neoeptesicus_furinalis,-56.063,1.944
Neoeptesicus_furinalis,-59.716,3.266
Neoeptesicus_furinalis,-60.483,7.367
Neoeptesicus_furinalis,-60.483,7.367
Neoeptesicus_furinalis,-59.05,4.1
Neoeptesicus_furinalis,-58.217,6.5
Neoeptesicus_furinalis,-58.117,6.817
Neoeptesicus_furinalis,-58.217,6.5
Neoeptesicus_furinalis,-55.183,4.95
Neoeptesicus_furinalis,-58.583,6.483
Neoeptesicus_furinalis,-58.583,6.483
Neoeptesicus_furinalis,-45.725,-1.455
Neoeptesicus_furinalis,-47,-22.8
Neoeptesicus_furinalis,-47.14,-23.3
Neoeptesicus_furinalis,-47,-23.57
Neoeptesicus_furinalis,-47,-23.57
Neoeptesicus_furinalis,-47,-22.8
Neoeptesicus_furinalis,-47.52,-23.47
Neoeptesicus_furinalis,-47,-22.8
Neoeptesicus_furinalis,-47,-23.57
Neoeptesicus_furinalis,-47.78,-22.7
Neoeptesicus_furinalis,-46.88,-23.16
Neoeptesicus_furinalis,-47,-22.8
Neoeptesicus_furinalis,-47,-22.8
Neoeptesicus_furinalis,-47,-22.8
Neoeptesicus_furinalis,-47,-22.8
Neoeptesicus_furinalis,-47.52,-23.47
Neoeptesicus_furinalis,-47,-22.8
Neoeptesicus_furinalis,-62.463,-21.601
Neoeptesicus_furinalis,-76.95,-1.1167
Neoeptesicus_furinalis,-77.3166,-0.5
Neoeptesicus_furinalis,-69.0728,-12.6
Neoeptesicus_furinalis,-71.3854,-12.7716
Neoeptesicus_furinalis,-71.4918,-13.0236
Neoeptesicus_furinalis,-57.9244,-19.2242
Neoeptesicus_furinalis,-56.9166,-25.6667
Noctilio_albiventris,-84.533,9.873
Noctilio_albiventris,-90.304,13.844
Noctilio_albiventris,-89.983,13.699
Noctilio_albiventris,-89.983,13.699
Noctilio_albiventris,-85.845,14.808
Noctilio_albiventris,-85.845,14.808
Noctilio_albiventris,-83.55,10.63
Noctilio_albiventris,-43.362,-4.865
Noctilio_albiventris,-43.356,-4.858
Noctilio_albiventris,-43.362,-4.865
Noctilio_albiventris,-43.362,-4.865
Noctilio_albiventris,-43.356,-4.858
Noctilio_albiventris,-43.356,-4.858
Noctilio_albiventris,-59.3,3.75
Noctilio_albiventris,-58.683,4.667
Noctilio_albiventris,-57.864,5.67
Noctilio_albiventris,-58.683,4.667
Noctilio_albiventris,-58.683,4.683
Noctilio_albiventris,-59.526,2.824
Noctilio_albiventris,-59.526,2.824
Noctilio_albiventris,-59.526,2.824
Noctilio_albiventris,-58.683,4.667
Noctilio_albiventris,-59.526,2.824
Noctilio_albiventris,-59.1,3.916
Noctilio_albiventris,-58.683,4.667
Noctilio_albiventris,-58.683,4.667
Noctilio_albiventris,-58.683,4.667
Noctilio_albiventris,-59.1,3.916
Noctilio_albiventris,-58.683,4.667
Noctilio_albiventris,-59.526,2.824
Noctilio_albiventris,-59.476,2.486
Noctilio_albiventris,-59.3,3.75
Noctilio_albiventris,-59.526,2.824
Noctilio_albiventris,-59.526,2.824
Noctilio_albiventris,-59.526,2.824
Noctilio_albiventris,-59.526,2.824
Noctilio_albiventris,-59.526,2.824
Noctilio_albiventris,-58.683,4.667
Noctilio_albiventris,-54.452,5.664
Noctilio_albiventris,-59.526,2.824
Noctilio_albiventris,-55.162,5.829
Noctilio_albiventris,-58.689,4.856
Noctilio_albiventris,-58.683,4.683
Noctilio_albiventris,-58.689,4.856
Noctilio_albiventris,-58.683,4.667
Noctilio_albiventris,-58.683,4.667
Noctilio_albiventris,-58.684,4.746
Noctilio_albiventris,-58.683,4.667
Noctilio_albiventris,-58.689,4.856
Noctilio_albiventris,-58.683,4.667
Noctilio_albiventris,-58.684,4.746
Noctilio_albiventris,-58.689,4.856
Noctilio_albiventris,-58.689,4.856
Noctilio_albiventris,-58.683,4.683
Noctilio_albiventris,-58.684,4.746
Noctilio_albiventris,-58.683,4.667
Noctilio_albiventris,-58.683,4.667
Noctilio_albiventris,-59.1,3.916
Noctilio_albiventris,-59.1,3.916
Noctilio_albiventris,-58.683,4.683
Noctilio_albiventris,-69.55,-6.616
Noctilio_albiventris,-73.167,-5.25
Noctilio_albiventris,-73.167,-5.25
Noctilio_albiventris,-77.99,-1.44
Noctilio_albiventris,-58.683,4.683
Noctilio_albiventris,-58.684,4.746
Noctilio_albiventris,-58.683,4.683
Noctilio_albiventris,-58.683,4.667
Noctilio_albiventris,-58.683,4.683
Noctilio_albiventris,-58.683,4.667
Noctilio_albiventris,-73.167,-5.25
Noctilio_albiventris,-73.167,-5.25
Noctilio_albiventris,-75.98,-9.33
Noctilio_albiventris,-63.233,-16.783
Noctilio_albiventris,-63.233,-16.783
Noctilio_albiventris,-64.76,-17.11
Noctilio_albiventris,-56.56,-27.56
Noctilio_albiventris,-58.157,-20.183
Noctilio_albiventris,-58.157,-20.183
Noctilio_albiventris,-58.157,-20.183
Noctilio_albiventris,-58.157,-20.183
Noctilio_albiventris,-58.157,-20.183
Noctilio_albiventris,-58.157,-20.183
Noctilio_albiventris,-58.157,-20.183
Noctilio_albiventris,-58.157,-20.183
Noctilio_albiventris,-58.157,-20.183
Noctilio_albiventris,-58.157,-20.183
Noctilio_albiventris,-58.157,-20.183
Noctilio_albiventris,-58.157,-20.183
Noctilio_albiventris,-58.157,-20.183
Noctilio_albiventris,-58.157,-20.183
Noctilio_albiventris,-58.157,-20.183
Noctilio_albiventris,-58.157,-20.183
Noctilio_albiventris,-58.157,-20.183
Noctilio_albiventris,-58.157,-20.183
Noctilio_albiventris,-62.53,7.63
Noctilio_leporinus,-93.8,15.9167
Noctilio_leporinus,-93.8,15.9167
Noctilio_leporinus,-93.8,15.9167
Noctilio_leporinus,-94.585,16.36
Noctilio_leporinus,-94.585,16.36
Noctilio_leporinus,-94.585,16.36
Noctilio_leporinus,-94.585,16.36
Noctilio_leporinus,-77.4,18.44
Noctilio_leporinus,-84.533,9.873
Noctilio_leporinus,-85.66,10.77
Noctilio_leporinus,-85.845,14.808
Noctilio_leporinus,-84.533,9.873
Noctilio_leporinus,-84.533,9.873
Noctilio_leporinus,-85.845,14.808
Noctilio_leporinus,-83.55,10.633
Noctilio_leporinus,-85.845,14.808
Noctilio_leporinus,-85.845,14.808
Noctilio_leporinus,-85.845,14.808
Noctilio_leporinus,-83.55,10.633
Noctilio_leporinus,-78.08,18.42
Noctilio_leporinus,-77.09,18.06
Noctilio_leporinus,-80.1055,-3.6742
Noctilio_leporinus,-80.0317,-2.1807
Noctilio_leporinus,-80.0317,-2.1807
Noctilio_leporinus,-79.6269,-2.421
Noctilio_leporinus,-58.833,1.533
Noctilio_leporinus,-58.833,1.533
Noctilio_leporinus,-58.833,1.533
Noctilio_leporinus,-58.833,1.533
Noctilio_leporinus,-58.633,1.65
Noctilio_leporinus,-79.7,9.1
Noctilio_leporinus,-79.7,9.1
Noctilio_leporinus,-56.904,4.529
Noctilio_leporinus,-58.217,6.5
Noctilio_leporinus,-58.217,6.5
Noctilio_leporinus,-58.217,6.5
Noctilio_leporinus,-58.117,6.817
Noctilio_leporinus,-58.217,6.5
Noctilio_leporinus,-58.217,6.5
Noctilio_leporinus,-58.217,6.5
Noctilio_leporinus,-58.217,6.5
Noctilio_leporinus,-58.117,6.817
Noctilio_leporinus,-58.633,5.033
Noctilio_leporinus,-58.217,6.5
Noctilio_leporinus,-58.217,6.5
Noctilio_leporinus,-59.017,4.75
Noctilio_leporinus,-58.633,5.033
Noctilio_leporinus,-58.633,5.033
Noctilio_leporinus,-58.633,1.65
Noctilio_leporinus,-58.633,1.583
Noctilio_leporinus,-58.767,1.367
Noctilio_leporinus,-58.633,1.65
Noctilio_leporinus,-58.767,1.367
Noctilio_leporinus,-58.633,1.583
Noctilio_leporinus,-61.74,12.06
Noctilio_leporinus,-61.74,12.06
Noctilio_leporinus,-61.74,12.06
Noctilio_leporinus,-61.45,12.5
Noctilio_leporinus,-61.45,12.5
Noctilio_leporinus,-61.45,12.5
Noctilio_leporinus,-56.167,3.767
Noctilio_leporinus,-56.21,4.71
Noctilio_leporinus,-54.51,3.1
Noctilio_leporinus,-54.45,5.66
Noctilio_leporinus,-62.55,7.34
Noctilio_leporinus,-62.59,7.34
Noctilio_leporinus,-62.59,7.34
Noctilio_leporinus,-62.16,7.97
Noctilio_leporinus,-62.16,7.97
Noctilio_leporinus,-62.16,7.97
Noctilio_leporinus,-61.433,15.406
Noctilio_leporinus,-62.233,16.733
Noctilio_leporinus,-62.233,16.733
Noctilio_leporinus,-59.819,-23.491
Noctilio_leporinus,-59.819,-23.491
Noctilio_leporinus,-57.864,5.67
Noctilio_leporinus,-68.948,19.029
Noctilio_leporinus,-68.948,19.029
Noctilio_leporinus,-68.948,19.029
Nyctinomops_laticaudatus,-89.783,20.367
Nyctinomops_laticaudatus,-89.783,20.367
Nyctinomops_laticaudatus,-89.783,20.367
Nyctinomops_laticaudatus,-89.783,20.367
Nyctinomops_laticaudatus,-89.783,20.367
Nyctinomops_laticaudatus,-89.783,20.367
Nyctinomops_laticaudatus,-89.783,20.367
Nyctinomops_laticaudatus,-89.783,20.367
Nyctinomops_laticaudatus,-89.783,20.367
Nyctinomops_laticaudatus,-89.783,20.367
Nyctinomops_laticaudatus,-89.783,20.367
Nyctinomops_laticaudatus,-89.783,20.367
Nyctinomops_laticaudatus,-89.783,20.367
Nyctinomops_laticaudatus,-89.783,20.367
Nyctinomops_laticaudatus,-89.783,20.367
Nyctinomops_laticaudatus,-89.783,20.367
Nyctinomops_laticaudatus,-89.824,18.523
Nyctinomops_laticaudatus,-89.824,18.523
Nyctinomops_laticaudatus,-89.824,18.217
Nyctinomops_laticaudatus,-89.824,18.523
Nyctinomops_laticaudatus,-90.215,20.643
Nyctinomops_laticaudatus,-66.98,-0.83
Nyctinomops_laticaudatus,-66.98,-0.83
Nyctinomops_laticaudatus,-47.34,-22.67
Nyctinomops_laticaudatus,-47,-22.8
Nyctinomops_laticaudatus,-47,-22.8
Nyctinomops_laticaudatus,-47,-22.8
Nyctinomops_laticaudatus,-45.41,-23.6
Nyctinomops_laticaudatus,-45.8,-23.21
Nyctinomops_laticaudatus,-45.8,-23.21
Nyctinomops_laticaudatus,-45.8,-23.21
Nyctinomops_laticaudatus,-47,-23.57
Nyctinomops_laticaudatus,-47,-23.57
Nyctinomops_laticaudatus,-47,-23.57
Nyctinomops_laticaudatus,-47,-23.57
Nyctinomops_laticaudatus,-47,-23.57
Nyctinomops_laticaudatus,-47.52,-23.47
Nyctinomops_laticaudatus,-47.52,-23.47
Nyctinomops_laticaudatus,-47.52,-23.47
Nyctinomops_laticaudatus,-63.197,-20.254
Nyctinomops_laticaudatus,-63.509,-13.331
Nyctinomops_laticaudatus,-63.509,-13.331
Nyctinomops_laticaudatus,-63.509,-13.331
Nyctinomops_macrotis,-58.85,4.37
Nyctinomops_macrotis,-66.98,-0.83
Nyctinomops_macrotis,-46.87,-23.5
Nyctinomops_macrotis,-47.64,-22.66
Nyctinomops_macrotis,-49.37,-20.82
Nyctinomops_macrotis,-45.8,-23.21
Nyctinomops_macrotis,-47,-23.57
Nyctinomops_macrotis,-47,-23.57
Nyctinomops_macrotis,-47,-23.57
Nyctinomops_macrotis,-47,-23.57
Nyctinomops_macrotis,-47,-23.57
Nyctinomops_macrotis,-47,-23.57
Nyctinomops_macrotis,-47,-23.57
Nyctinomops_macrotis,-47,-23.57
Nyctinomops_macrotis,-47,-23.57
Nyctinomops_macrotis,-47,-23.57
Nyctinomops_macrotis,-47,-23.57
Nyctinomops_macrotis,-47,-23.57
Nyctinomops_macrotis,-47,-23.57
Nyctinomops_macrotis,-47,-23.57
Nyctinomops_macrotis,-47,-23.57
Nyctinomops_macrotis,-47,-23.57
Peropteryx_macrotis,-89.667,20.25
Peropteryx_macrotis,-89.667,20.25
Peropteryx_macrotis,-89.667,20.25
Peropteryx_macrotis,-87.483,20.167
Peropteryx_macrotis,-89.483,20.25
Peropteryx_macrotis,-89.483,20.25
Peropteryx_macrotis,-89.483,20.25
Peropteryx_macrotis,-89.483,20.25
Peropteryx_macrotis,-89.483,20.25
Peropteryx_macrotis,-56.867,4.486
Phylloderma_stenops,-76.235,6.541
Phylloderma_stenops,-79.75,9.15
Phylloderma_stenops,-58.517,4.283
Phylloderma_stenops,-57.178,4.661
Phylloderma_stenops,-56.904,4.529
Phylloderma_stenops,-56.933,4.542
Phylloderma_stenops,-59.383,7.517
Phylloderma_stenops,-58.767,1.367
Phylloderma_stenops,-58.717,4.633
Phylloderma_stenops,-58.783,4.467
Phylloderma_stenops,-59.48,5.18
Phylloderma_stenops,-59.476,2.486
Phylloderma_stenops,-58.683,4.683
Phylloderma_stenops,-58.22,6.5
Phylloderma_stenops,-59.017,4.75
Phylloderma_stenops,-58.717,4.733
Phylloderma_stenops,-58.85,4.367
Phylloderma_stenops,-58.817,4.33
Phylloderma_stenops,-58.85,4.67
Phylloderma_stenops,-58.833,1.533
Phylloderma_stenops,-59.1,3.9166
Phylloderma_stenops,-56.063,1.944
Phylloderma_stenops,-56.063,1.944
Phylloderma_stenops,-56.063,1.944
Phylloderma_stenops,-56.063,1.944
Phylloderma_stenops,-56.0921,1.9944
Phylloderma_stenops,-76.433,-0.683
Phylloderma_stenops,-76.77,-0.75
Phylloderma_stenops,-76.77,-0.75
Phyllostomus_hastatus,-77.717,8
Phyllostomus_hastatus,-77.717,8
Phyllostomus_hastatus,-77.717,8
Phyllostomus_hastatus,-80.025,9.222
Phyllostomus_hastatus,-55.217,4.933
Phyllostomus_hastatus,-57.333,5.333
Phyllostomus_hastatus,-76.4,-0.68
Phyllostomus_hastatus,-76.46,-0.6
Phyllostomus_hastatus,-76.47,-0.62
Phyllostomus_hastatus,-76.45,-0.65
Phyllostomus_hastatus,-76.46,-0.6
Phyllostomus_hastatus,-76.45,-0.65
Phyllostomus_hastatus,-76.45,-0.633
Phyllostomus_hastatus,-76.35,-0.833
Phyllostomus_hastatus,-76.19,-1.06
Phyllostomus_hastatus,-76.333,-0.833
Phyllostomus_hastatus,-76.333,-0.833
Phyllostomus_hastatus,-76.35,-0.833
Phyllostomus_hastatus,-76.35,-0.833
Phyllostomus_hastatus,-76.45,-0.65
Phyllostomus_hastatus,-76.454,-0.657
Phyllostomus_hastatus,-58.217,6.5
Phyllostomus_hastatus,-58.217,6.5
Phyllostomus_hastatus,-58.217,6.5
Phyllostomus_hastatus,-58.817,3.183
Phyllostomus_hastatus,-58.917,4.383
Phyllostomus_hastatus,-58.917,4.383
Phyllostomus_hastatus,-59.017,4.75
Phyllostomus_hastatus,-58.817,4.33
Phyllostomus_hastatus,-58.717,4.633
Phyllostomus_hastatus,-59.05,4.1
Phyllostomus_hastatus,-59.05,4.1
Phyllostomus_hastatus,-59.05,4.1
Phyllostomus_hastatus,-58.633,1.65
Phyllostomus_hastatus,-55.183,4.95
Phyllostomus_hastatus,-55.2,4.933
Phyllostomus_hastatus,-57.161,4.614
Phyllostomus_hastatus,-56.933,4.542
Phyllostomus_hastatus,-56.789,2.35429
Phyllostomus_hastatus,-55.183,4.95
Phyllostomus_hastatus,-67.417,6.05
Phyllostomus_hastatus,-67.417,6.05
Phyllostomus_hastatus,-67.417,6.05
Phyllostomus_hastatus,-59.083,4.533
Phyllostomus_hastatus,-55.2,4.933
Phyllostomus_hastatus,-55.217,4.933
Phyllostomus_hastatus,-51.968,-23.433
Phyllostomus_hastatus,-51.968,-23.433
Platyrrhinus_brachycephalus,-58.22,6.5
Platyrrhinus_brachycephalus,-58.22,6.5
Platyrrhinus_brachycephalus,-58.22,6.5
Platyrrhinus_brachycephalus,-67.417,6.05
Platyrrhinus_brachycephalus,-64.7,-3.3
Pteronotus_personatus,-89.98,15.57
Pteronotus_personatus,-56.87,4.49
Pteronotus_personatus,-59.3,3.75
Pteronotus_personatus,-59.3,3.75
Pteronotus_personatus,-58.68,4.67
Pteronotus_personatus,-58.72,4.63
Pteronotus_personatus,-58.85,4.73
Pteronotus_personatus,-58.63,5.03
Pteronotus_personatus,-58.58,6.48
Pteronotus_personatus,-58.58,6.48
Pteronotus_personatus,-58.58,6.48
Pteronotus_personatus,-58.58,6.48
Pteronotus_personatus,-58.58,6.48
Pteronotus_personatus,-57.18,4.66
Pteronotus_personatus,-57.18,4.66
Pteronotus_personatus,-57.18,4.66
Pteronotus_personatus,-57.18,4.66
Pteronotus_personatus,-57.18,4.66
Pteronotus_personatus,-57.18,4.66
Pteronotus_personatus,-57.16,4.61
Pteronotus_personatus,-57.16,4.61
Pteronotus_personatus,-57.16,4.61
Pteronotus_personatus,-57.16,4.61
Pteronotus_personatus,-57.16,4.61
Pteronotus_personatus,-57.16,4.61
Pteronotus_personatus,-57.17,4.71
Pteronotus_personatus,-57.16,4.61
Pteronotus_personatus,-57.16,4.61
Pteronotus_personatus,-57.16,4.61
Pteronotus_personatus,-57.18,4.66
Pteronotus_personatus,-56.93,4.54
Pteronotus_personatus,-56.87,4.49
Pteronotus_personatus,-56.93,4.54
Pteronotus_personatus,-56.93,4.54
Pteronotus_personatus,-56.87,4.49
Pteronotus_personatus,-56.99,4.81
Pteronotus_personatus,-56.99,4.81
Pteronotus_personatus,-57.04,4.48
Pteronotus_personatus,-57.04,4.48
Pteronotus_personatus,-56.9,4.52
Pteronotus_personatus,-56.9,4.53
Pteronotus_personatus,-59.02,4.75
Pteronotus_personatus,-59.02,4.75
Pteronotus_personatus,-58.58,6.48
Pteronotus_personatus,-58.58,6.48
Pteronotus_personatus,-50.54,-5.78
Pteronotus_personatus,-50,-6
Pteronotus_personatus,-49.8,-6.5
Pteronotus_personatus,-37.4,-10.6
Pteronotus_personatus,-37.4,-10.6
Pteronotus_personatus,-50.54,5.78
Pteronotus_personatus,-40.2,-6.6
Pteronotus_personatus,-52.25,4.79
Pteronotus_personatus,-50,-6
Pteronotus_personatus,-49.8,-6.5
Pteronotus_personatus,-50.54,-5.78
Pteronotus_personatus,-49.8,-6.5
Pteronotus_personatus,-37.4,-10.6
Pteronotus_personatus,-37.4,-10.6
Pteronotus_personatus,-52.25,4.79
Pteronotus_personatus,-49.8,-6.5
Pteronotus_personatus,-50.54,-5.78
Pteronotus_personatus,-50.54,-5.78
Pteronotus_personatus,-52.45,4.566
Pteronotus_personatus,-48.9,-14.9
Pteronotus_personatus,-49.8,-6.5
Pteronotus_personatus,-50.54,-5.78
Pteronotus_personatus,-52.45,4.566
Pteronotus_personatus,-50,-6
Pteronotus_personatus,-49.8,-6.5
Pteronotus_personatus,-49.8,-6.5
Pteronotus_personatus,-50,-6
Pteronotus_personatus,-50,-6
Pteronotus_personatus,-37.4,-10.6
Pteronotus_personatus,-40.2,-6.6
Pteronotus_personatus,-50,-6
Pteronotus_personatus,-37.4,-10.6
Pteronotus_personatus,-50.54,-5.78
Pteronotus_personatus,-40.2,-6.6
Pteronotus_personatus,-40.2,-6.6
Pteronotus_personatus,-37.4,-10.6
Pteronotus_personatus,-50,-6.4
Pteronotus_pusillus,-71.69,18.16
Pteronotus_pusillus,-70.07,19.13
Pteronotus_pusillus,-69.9,19.5
Pteronotus_pusillus,-70.1,19
Pteronotus_pusillus,-69.9,19.5
Pteronotus_pusillus,-70.07,19.1
Pteronotus_pusillus,-69.57,18.86
Pteronotus_pusillus,-69.9,19.5
Pteronotus_pusillus,-69.9,19.5
Rhynchonycteris_naso,-88.5,18.1
Rhynchonycteris_naso,-88.5,18.1
Rhynchonycteris_naso,-88.5,18.1
Rhynchonycteris_naso,-88.5,18.1
Rhynchonycteris_naso,-82.25,8.351
Rhynchonycteris_naso,-80.025,9.222
Rhynchonycteris_naso,-80.086,9.233
Rhynchonycteris_naso,-82.25,8.351
Rhynchonycteris_naso,-82.25,8.351
Rhynchonycteris_naso,-82.25,8.351
Rhynchonycteris_naso,-58.717,4.733
Rhynchonycteris_naso,-58.717,4.733
Rhynchonycteris_naso,-58.717,4.733
Rhynchonycteris_naso,-58.717,4.733
Rhynchonycteris_naso,-58.717,4.733
Rhynchonycteris_naso,-56.781,4.853
Rhynchonycteris_naso,-56.781,4.853
Rhynchonycteris_naso,-56.994,4.811
Rhynchonycteris_naso,-56.781,4.853
Rhynchonycteris_naso,-56.781,4.853
Rhynchonycteris_naso,-56.994,4.811
Rhynchonycteris_naso,-56.781,4.853
Rhynchonycteris_naso,-56.781,4.853
Rhynchonycteris_naso,-56.904,4.529
Rhynchonycteris_naso,-56.904,4.529
Rhynchonycteris_naso,-57.042,4.478
Rhynchonycteris_naso,-57.042,4.478
Rhynchonycteris_naso,-57.042,4.478
Rhynchonycteris_naso,-57.042,4.478
Rhynchonycteris_naso,-67.417,6.05
Rhynchonycteris_naso,-76.35,-0.833
Rhynchonycteris_naso,-76.432,-0.686
Rhynchonycteris_naso,-58.517,4.283
Rhynchonycteris_naso,-58.217,6.5
Rhynchonycteris_naso,-58.517,4.283
Rhynchonycteris_naso,-58.217,6.5
Rhynchonycteris_naso,-58.217,6.5
Rhynchonycteris_naso,-58.717,4.733
Rhynchonycteris_naso,-59.083,4.533
Rhynchonycteris_naso,-59.017,4.75
Rhynchonycteris_naso,-59.083,4.533
Rhynchonycteris_naso,-59.083,4.533
Rhynchonycteris_naso,-59.083,4.533
Rhynchonycteris_naso,-59.017,4.75
Rhynchonycteris_naso,-59.083,4.533
Rhynchonycteris_naso,-59.083,4.533
Rhynchonycteris_naso,-58.717,4.733
Rhynchonycteris_naso,-58.717,4.733
Rhynchonycteris_naso,-59.526,2.824
Rhynchonycteris_naso,-59.526,2.824
Rhynchonycteris_naso,-58.683,4.683
Rhynchonycteris_naso,-59.526,2.824
Rhynchonycteris_naso,-59.526,2.824
Rhynchonycteris_naso,-58.683,4.683
Rhynchonycteris_naso,-58.683,4.683
Rhynchonycteris_naso,-59.526,2.824
Rhynchonycteris_naso,-58.217,6.5
Rhynchonycteris_naso,-58.217,6.5
Rhynchonycteris_naso,-58.917,4.383
Rhynchonycteris_naso,-58.217,6.5
Rhynchonycteris_naso,-58.217,6.5
Rhynchonycteris_naso,-58.517,4.283
Rhynchonycteris_naso,-58.917,4.383
Rhynchonycteris_naso,-58.217,6.5
Rhynchonycteris_naso,-58.217,6.5
Rhynchonycteris_naso,-58.517,4.283
Rhynchonycteris_naso,-58.633,1.583
Rhynchonycteris_naso,-58.85,4.733
Rhynchonycteris_naso,-58.633,1.583
Rhynchonycteris_naso,-60.65,6.05
Rhynchonycteris_naso,-60.65,6.05
Rhynchonycteris_naso,-58.767,1.367
Rhynchonycteris_naso,-58.633,1.583
Rhynchonycteris_naso,-60.65,6.05
Rhynchonycteris_naso,-58.767,1.367
Rhynchonycteris_naso,-60.65,6.05
Rhynchonycteris_naso,-58.633,1.65
Rhynchonycteris_naso,-58.767,1.367
Rhynchonycteris_naso,-58.85,4.733
Rhynchonycteris_naso,-58.85,4.733
Rhynchonycteris_naso,-58.717,4.633
Rhynchonycteris_naso,-58.833,1.533
Rhynchonycteris_naso,-58.85,4.733
Rhynchonycteris_naso,-58.767,1.367
Rhynchonycteris_naso,-58.85,4.733
Rhynchonycteris_naso,-58.767,1.367
Rhynchonycteris_naso,-58.767,1.367
Rhynchonycteris_naso,-58.833,1.533
Rhynchonycteris_naso,-60.65,6.05
Rhynchonycteris_naso,-58.833,1.533
Rhynchonycteris_naso,-60.65,6.05
Rhynchonycteris_naso,-59.1,3.916
Rhynchonycteris_naso,-59.233,7.667
Rhynchonycteris_naso,-59.1,3.916
Rhynchonycteris_naso,-59.1,3.916
Rhynchonycteris_naso,-58.867,4.383
Rhynchonycteris_naso,-57.3,5.167
Rhynchonycteris_naso,-57.3,5.167
Rhynchonycteris_naso,-59.233,7.667
Rhynchonycteris_naso,-59.233,7.667
Rhynchonycteris_naso,-59.716,3.266
Rhynchonycteris_naso,-59.3,3.75
Rhynchonycteris_naso,-58.909,4.25
Rhynchonycteris_naso,-58.909,4.25
Rhynchonycteris_naso,-57.042,4.478
Saccopteryx_bilineata,-89.617,17.2
Saccopteryx_bilineata,-90,13.8
Saccopteryx_bilineata,-89.617,17.2
Saccopteryx_bilineata,-90.983,18.8
Saccopteryx_bilineata,-90,13.8
Saccopteryx_bilineata,-82.271,9.396
Saccopteryx_bilineata,-85.612,10.832
Saccopteryx_bilineata,-79.698,9.114
Saccopteryx_bilineata,-58.217,6.5
Saccopteryx_bilineata,-58.217,6.5
Saccopteryx_bilineata,-56.994,4.811
Saccopteryx_bilineata,-57.178,4.661
Saccopteryx_bilineata,-56.781,4.853
Saccopteryx_bilineata,-57.178,4.661
Saccopteryx_bilineata,-57.167,4.714
Saccopteryx_bilineata,-56.933,4.542
Saccopteryx_bilineata,-57.178,4.661
Saccopteryx_bilineata,-56.781,4.853
Saccopteryx_bilineata,-57.178,4.661
Saccopteryx_bilineata,-57.161,4.614
Saccopteryx_bilineata,-57.178,4.661
Saccopteryx_bilineata,-57.161,4.614
Saccopteryx_bilineata,-57.161,4.614
Saccopteryx_bilineata,-57.161,4.614
Saccopteryx_bilineata,-57.161,4.614
Saccopteryx_bilineata,-57.178,4.661
Saccopteryx_bilineata,-57.161,4.614
Saccopteryx_bilineata,-56.994,4.811
Saccopteryx_bilineata,-57.178,4.661
Saccopteryx_bilineata,-56.994,4.811
Saccopteryx_bilineata,-57.178,4.661
Saccopteryx_bilineata,-57.167,4.714
Saccopteryx_bilineata,-56.781,4.853
Saccopteryx_bilineata,-56.994,4.811
Saccopteryx_bilineata,-56.933,4.542
Saccopteryx_bilineata,-56.933,4.542
Saccopteryx_bilineata,-56.933,4.542
Saccopteryx_bilineata,-56.867,4.486
Saccopteryx_bilineata,-56.867,4.486
Saccopteryx_bilineata,-56.867,4.486
Saccopteryx_bilineata,-56.867,4.486
Saccopteryx_bilineata,-56.867,4.486
Saccopteryx_bilineata,-56.933,4.542
Saccopteryx_bilineata,-56.994,4.811
Saccopteryx_bilineata,-56.994,4.811
Saccopteryx_bilineata,-56.994,4.811
Saccopteryx_bilineata,-57.178,4.661
Saccopteryx_bilineata,-56.68,2.383
Saccopteryx_bilineata,-56.68,2.383
Saccopteryx_bilineata,-59.05,4.1
Saccopteryx_bilineata,-59.05,4.1
Saccopteryx_bilineata,-59.05,4.1
Saccopteryx_bilineata,-59.083,4.167
Saccopteryx_bilineata,-58.7,5.15
Saccopteryx_bilineata,-58.7,5.15
Saccopteryx_bilineata,-58.7,5.15
Saccopteryx_bilineata,-58.7,5.15
Saccopteryx_bilineata,-58.7,5.15
Saccopteryx_bilineata,-58.7,5.15
Saccopteryx_bilineata,-58.7,5.15
Saccopteryx_bilineata,-59.05,4.1
Saccopteryx_bilineata,-58.7,5.15
Saccopteryx_bilineata,-58.783,4.467
Saccopteryx_bilineata,-58.783,6.483
Saccopteryx_bilineata,-58.583,6.483
Saccopteryx_bilineata,-58.583,6.483
Saccopteryx_bilineata,-58.583,6.483
Saccopteryx_bilineata,-58.583,6.483
Saccopteryx_bilineata,-58.583,6.483
Saccopteryx_bilineata,-58.583,6.483
Saccopteryx_bilineata,-58.583,6.483
Saccopteryx_bilineata,-58.583,6.483
Saccopteryx_bilineata,-58.583,6.483
Saccopteryx_bilineata,-58.583,6.483
Saccopteryx_bilineata,-58.583,6.483
Saccopteryx_bilineata,-58.683,4.683
Saccopteryx_bilineata,-58.683,4.683
Saccopteryx_bilineata,-58.217,6.5
Saccopteryx_bilineata,-58.217,6.5
Saccopteryx_bilineata,-58.217,6.5
Saccopteryx_bilineata,-58.217,6.5
Saccopteryx_bilineata,-58.683,4.667
Saccopteryx_bilineata,-58.717,4.633
Saccopteryx_bilineata,-58.683,4.667
Saccopteryx_bilineata,-58.683,4.667
Saccopteryx_bilineata,-58.683,4.667
Saccopteryx_bilineata,-58.217,6.5
Saccopteryx_bilineata,-58.217,6.5
Saccopteryx_bilineata,-58.217,6.5
Saccopteryx_bilineata,-58.217,6.5
Saccopteryx_bilineata,-58.217,6.5
Saccopteryx_bilineata,-58.217,6.5
Saccopteryx_bilineata,-58.85,4.367
Saccopteryx_bilineata,-58.85,4.367
Saccopteryx_bilineata,-58.85,4.367
Saccopteryx_bilineata,-58.85,4.367
Saccopteryx_bilineata,-58.817,4.33
Saccopteryx_bilineata,-58.817,4.33
Saccopteryx_bilineata,-58.817,4.33
Saccopteryx_bilineata,-58.817,4.33
Saccopteryx_bilineata,-58.8,4.333
Saccopteryx_bilineata,-59.017,4.75
Saccopteryx_bilineata,-58.767,1.367
Saccopteryx_bilineata,-58.767,1.367
Saccopteryx_bilineata,-58.717,4.633
Saccopteryx_bilineata,-58.85,4.733
Saccopteryx_bilineata,-58.85,4.733
Saccopteryx_bilineata,-58.85,4.667
Saccopteryx_bilineata,-59.716,3.266
Saccopteryx_bilineata,-59.716,3.266
Saccopteryx_bilineata,-59.3,3.75
Saccopteryx_bilineata,-59.3,3.75
Saccopteryx_bilineata,-58.85,4.333
Saccopteryx_bilineata,-57.367,5.383
Saccopteryx_bilineata,-57.367,5.383
Saccopteryx_bilineata,-58.583,6.483
Saccopteryx_bilineata,-55.183,4.95
Saccopteryx_bilineata,-55.183,4.95
Saccopteryx_bilineata,-55.2,4.933
Saccopteryx_bilineata,-55.183,4.95
Saccopteryx_bilineata,-55.183,4.95
Saccopteryx_bilineata,-58.217,6.5
Saccopteryx_bilineata,-58.217,6.5
Saccopteryx_bilineata,-59.476,2.486
Saccopteryx_bilineata,-59.476,2.486
Saccopteryx_bilineata,-59.476,2.486
Saccopteryx_bilineata,-59.476,2.486
Saccopteryx_bilineata,-59.476,2.486
Saccopteryx_bilineata,-59.476,2.486
Saccopteryx_bilineata,-57.367,5.383
Saccopteryx_bilineata,-55.183,4.95
Saccopteryx_bilineata,-55.2,4.933
Saccopteryx_bilineata,-55.2,4.933
Saccopteryx_bilineata,-55.183,4.95
Saccopteryx_bilineata,-55.167,4.917
Saccopteryx_bilineata,-55.183,4.95
Saccopteryx_bilineata,-65.867,7.567
Saccopteryx_bilineata,-76.45,-0.65
Saccopteryx_bilineata,-76.45,-0.65
Saccopteryx_bilineata,-76.45,-0.65
Saccopteryx_bilineata,-76.35,-0.833
Saccopteryx_bilineata,-76.45,-0.65
Saccopteryx_bilineata,-76.45,-0.65
Saccopteryx_bilineata,-76.45,-0.65
Saccopteryx_bilineata,-76.4,-0.68
Saccopteryx_bilineata,-76.4,-0.68
Saccopteryx_bilineata,-76.4,-0.68
Saccopteryx_bilineata,-76.433,-0.683
Saccopteryx_bilineata,-76.45,-0.65
Saccopteryx_bilineata,-76.45,-0.65
Sturnira_erythromos,-79,-0.42
Sturnira_erythromos,-78.61,-0.26
Sturnira_erythromos,-78.82,-0.23
Sturnira_erythromos,-78.27,-1.4
Sturnira_erythromos,-78.82,-0.23
Sturnira_erythromos,-78.82,-0.23
Sturnira_erythromos,-78.82,-0.23
Sturnira_erythromos,-78.82,-0.23
Sturnira_erythromos,-78.82,-0.23
Sturnira_erythromos,-78.82,-0.23
Sturnira_erythromos,-78.64,0.02
Sturnira_erythromos,-78.41,1.26
Sturnira_erythromos,-78.82,-0.23
Sturnira_erythromos,-79,-0.42
Sturnira_erythromos,-78.59,-0.11
Sturnira_erythromos,-78.82,-0.23
Sturnira_erythromos,-77.87,-0.58
Sturnira_erythromos,-78.64,0.02
Sturnira_erythromos,-79,-0.42
Sturnira_erythromos,-78.27,-1.4
Sturnira_erythromos,-78.82,-0.23
Sturnira_erythromos,-78.41,-1.26
Sturnira_erythromos,-78.64,0.02
Sturnira_erythromos,-79.55,-4.32
Sturnira_erythromos,-79.55,-4.32
Sturnira_erythromos,-78.49,-0.41
Sturnira_erythromos,-78.49,-0.41
Sturnira_erythromos,-79.55,-4.32
Sturnira_erythromos,-79.55,-4.32
Sturnira_erythromos,-79.55,-4.32
Sturnira_erythromos,-79.55,-4.32
Sturnira_erythromos,-79.55,-4.32
Sturnira_erythromos,-79.55,-4.32
Sturnira_erythromos,-79.55,-4.32
Sturnira_erythromos,-79.55,-4.32
Sturnira_erythromos,-79.55,-4.32
Sturnira_erythromos,-79.32,-3.27
Sturnira_erythromos,-77.95,-0.26
Sturnira_erythromos,-78.64,0.02
Sturnira_erythromos,-79.55,-4.32
Sturnira_erythromos,-77.95,-0.26
Sturnira_erythromos,-78.49,-0.41
Sturnira_erythromos,-79.55,-4.32
Sturnira_erythromos,-79.55,-4.32
Sturnira_erythromos,-78.59,-0.11
Sturnira_erythromos,-78.41,1.26
Sturnira_erythromos,-79.55,-4.32
Sturnira_erythromos,-79.55,-4.32
Sturnira_ludovici,-77.73,-0.69
Sturnira_ludovici,-78.27,-1.4
Sturnira_ludovici,-78.2,-1.41
Sturnira_ludovici,-78.12,-1.43
Sturnira_ludovici,-78.2,-1.41
Sturnira_ludovici,-78.76,-3.83
Sturnira_ludovici,-78.27,-1.4
Sturnira_ludovici,-79.22,-4.23
Sturnira_ludovici,-78.29,-1.41
Sturnira_ludovici,-78.29,-1.41
Sturnira_ludovici,-78.29,-1.41
Sturnira_ludovici,-78.29,-1.41
Sturnira_ludovici,-78.2,-1.41
Sturnira_ludovici,-78.29,-1.41
Sturnira_ludovici,-78.2,-1.41
Sturnira_ludovici,-78.29,-1.41
Sturnira_ludovici,-78.29,-1.41
Sturnira_ludovici,-78.07,-1.51
Sturnira_ludovici,-78.07,-1.51
Sturnira_ludovici,-78.12,-1.43
Sturnira_ludovici,-77.95,-0.26
Sturnira_ludovici,-78.27,-1.4
Sturnira_ludovici,-79.15,-4.57
Sturnira_ludovici,-77.33,-0.04
Sturnira_ludovici,-78.29,-1.41
Sturnira_ludovici,-77.88,-0.6
Sturnira_ludovici,-79.15,-4.57
Sturnira_ludovici,-79.15,-4.57
Sturnira_ludovici,-78.14,-1.88
Sturnira_ludovici,-79.15,-4.57
Sturnira_ludovici,-78.67,0.12
Sturnira_ludovici,-78.92,-0.35
Sturnira_ludovici,-78.76,-0.07
Sturnira_ludovici,-78.92,-0.35
Sturnira_ludovici,-79,-0.42
Sturnira_ludovici,-77.95,-0.26
Sturnira_ludovici,-78.82,-0.23
Sturnira_ludovici,-78.82,-0.23
Sturnira_ludovici,-79,-0.42
Sturnira_ludovici,-78.92,0.35
Sturnira_ludovici,-78.82,-0.23
Sturnira_ludovici,-79,-0.42
Sturnira_ludovici,-79,-0.42
Sturnira_ludovici,-78.82,-0.23
Sturnira_ludovici,-78.82,-0.23
Sturnira_ludovici,-78.82,-0.23
Sturnira_ludovici,-78.82,-0.23
Sturnira_ludovici,-78.82,-0.23
Sturnira_ludovici,-78.82,-0.23
Sturnira_ludovici,-78.82,-0.23
Sturnira_ludovici,-78.82,-0.23
Sturnira_ludovici,-78.82,-0.23
Sturnira_ludovici,-78.82,-0.23
Sturnira_ludovici,-78.82,-0.23
Sturnira_ludovici,-78.82,-0.23
Sturnira_ludovici,-78.82,-0.23
Sturnira_ludovici,-78.82,-0.23
Sturnira_ludovici,-78.76,-0.07
Sturnira_ludovici,-78.76,-0.07
Sturnira_ludovici,-78.76,-0.07
Sturnira_ludovici,-78.76,-0.07
Sturnira_ludovici,-78.76,-0.07
Sturnira_ludovici,-78.76,-0.07
Sturnira_ludovici,-78.76,-0.07
Sturnira_ludovici,-78.76,-0.07
Sturnira_ludovici,-79,-0.42
Sturnira_ludovici,-78.82,-0.23
Sturnira_ludovici,-78.67,0.12
Sturnira_ludovici,-79,-0.42
Sturnira_ludovici,-79,-0.42
Sturnira_ludovici,-78.94,-0.33
Sturnira_ludovici,-78.76,-0.07
Sturnira_ludovici,-78.76,-0.07
Sturnira_ludovici,-78.82,-0.23
Sturnira_ludovici,-78.82,-0.23
Sturnira_ludovici,-78.82,-0.23
Sturnira_ludovici,-78.82,-0.23
Sturnira_ludovici,-78.82,-0.23
Sturnira_ludovici,-78.94,-0.33
Sturnira_ludovici,-78.94,-0.33
Sturnira_ludovici,-78.94,-0.33
Sturnira_ludovici,-79.55,-4.32
Thyroptera_tricolor,-83.533,10.6
Thyroptera_tricolor,-83.533,10.6
Thyroptera_tricolor,-83.533,10.6
Thyroptera_tricolor,-83.533,10.6
Thyroptera_tricolor,-83.532,10.6
Thyroptera_tricolor,-58.25,6.233
Thyroptera_tricolor,-58.25,6.233
Thyroptera_tricolor,-58.25,6.233
Thyroptera_tricolor,-58.25,6.233
Thyroptera_tricolor,-60.483,7.367
Thyroptera_tricolor,-56.994,4.811
Thyroptera_tricolor,-56.994,4.811
Thyroptera_tricolor,-56.994,4.811
Thyroptera_tricolor,-56.994,4.811
Thyroptera_tricolor,-60.483,7.367
Thyroptera_tricolor,-58.817,4.333
Thyroptera_tricolor,-55.183,4.95
Thyroptera_tricolor,-55.183,4.95
Thyroptera_tricolor,-55.183,4.95
Thyroptera_tricolor,-55.183,4.95
Thyroptera_tricolor,-55.183,4.95
Thyroptera_tricolor,-76.461,-0.652
Thyroptera_tricolor,-76.46,-0.65
Thyroptera_tricolor,-76.461,-0.652
Thyroptera_tricolor,-76.433,-0.683
Thyroptera_tricolor,-76.45,-0.633
Thyroptera_tricolor,-76.433,-0.683
Thyroptera_tricolor,-76.45,-0.633
Thyroptera_tricolor,-76.433,-0.683
Thyroptera_tricolor,-76.45,-0.65
Thyroptera_tricolor,-76.45,-0.65
Tonatia_maresi,-58.85,4.73
Tonatia_maresi,-58.85,4.73
Tonatia_maresi,-58.85,4.73
Tonatia_maresi,-58.85,4.73
Tonatia_maresi,-58.22,6.5
Tonatia_maresi,-55.183,4.95
Tonatia_maresi,-55.183,4.95
Tonatia_maresi,-55.183,4.95
Tonatia_maresi,-55.183,4.95
Tonatia_maresi,-58.233,3.506
Tonatia_maresi,-59.817,5.267
Tonatia_maresi,-58.767,4.45
Tonatia_maresi,-58.517,4.283
Tonatia_maresi,-58.663,5.033
Tonatia_maresi,-59.017,4.75
Tonatia_maresi,-58.85,4.367
Tonatia_maresi,-58.85,4.367
Tonatia_maresi,-58.85,4.367
Tonatia_maresi,-58.717,4.733
Tonatia_maresi,-58.85,4.67
Tonatia_maresi,-58.85,4.73
Tonatia_maresi,-58.85,4.73
Tonatia_maresi,-58.85,4.73
Tonatia_maresi,-58.85,4.73
Tonatia_maresi,-58.85,4.73
Tonatia_maresi,-58.85,4.73
Tonatia_maresi,-58.717,4.633
Tonatia_maresi,-59.017,4.75
Tonatia_maresi,-58.717,4.633
Tonatia_maresi,-58.717,4.633
Tonatia_maresi,-58.85,4.73
Tonatia_maresi,-58.617,4.583
Tonatia_maresi,-58.717,4.633
Tonatia_maresi,-58.717,4.633
Tonatia_maresi,-59.017,4.75
Tonatia_maresi,-58.85,4.73
Tonatia_maresi,-58.717,4.633
Tonatia_maresi,-58.85,4.73
Tonatia_maresi,-58.7,5.15
Tonatia_maresi,-58.7,5.15
Tonatia_maresi,-59.05,4.1
Tonatia_maresi,-58.909,4.25
Tonatia_maresi,-55.183,4.95
Tonatia_maresi,-55.2,4.93
Tonatia_maresi,-55.2,4.93
Tonatia_maresi,-55.183,4.95
Tonatia_maresi,-55.167,4.933
Tonatia_maresi,-57.161,4.614
Tonatia_maresi,-57.178,4.661
Tonatia_maresi,-57.167,4.714
Tonatia_maresi,-57.167,4.714
Tonatia_maresi,-56.933,4.542
Tonatia_maresi,-56.906,4.469
Tonatia_maresi,-57.161,4.614
Tonatia_maresi,-56.904,4.529
Tonatia_maresi,-57.057,4.476
Tonatia_maresi,-55.2,4.933
Tonatia_maresi,-55.2,4.933
Tonatia_maresi,-55.217,4.933
Tonatia_maresi,-56.19,3.93
Tonatia_maresi,-76.433,-0.783
Tonatia_maresi,-76.45,-0.65
Tonatia_maresi,-76.45,-0.65
Tonatia_maresi,-76.45,-0.633
Tonatia_maresi,-76.45,-0.633
Tonatia_maresi,-76.45,-0.65
Tonatia_maresi,-76.4,-0.8
Tonatia_maresi,-76.45,-0.633
Tonatia_maresi,-76.45,-0.633
Tonatia_maresi,-76.333,-0.833
Tonatia_maresi,-76.333,-0.833
Tonatia_maresi,-76.433,-0.683
Tonatia_maresi,-76.45,-0.65
Tonatia_maresi,-76.454,-0.657
Trachops_cirrhosus,-90.817,17.6
Trachops_cirrhosus,-90.817,17.6
Trachops_cirrhosus,-90.067,18.25
Trachops_cirrhosus,-88,19.5
Trachops_cirrhosus,-79.75,9.15
Trachops_cirrhosus,-79.128,9.128
Trachops_cirrhosus,-66.467,9.4
Trachops_cirrhosus,-66.467,9.4
Trachops_cirrhosus,-65.867,7.567
Trachops_cirrhosus,-66.117,6.433
Trachops_cirrhosus,-64.983,7.167
Trachops_cirrhosus,-67.417,6.05
Trachops_cirrhosus,-59.3,3.75
Trachops_cirrhosus,-58.87,4.38
Trachops_cirrhosus,-57.367,5.383
Trachops_cirrhosus,-60.483,7.367
Trachops_cirrhosus,-60.483,7.367
Trachops_cirrhosus,-60.483,7.367
Trachops_cirrhosus,-60.483,7.367
Trachops_cirrhosus,-60.483,7.367
Trachops_cirrhosus,-58.7,5.15
Trachops_cirrhosus,-58.7,5.15
Trachops_cirrhosus,-58.7,5.15
Trachops_cirrhosus,-58.7,5.15
Trachops_cirrhosus,-61.1,5.8
Trachops_cirrhosus,-58.783,3.267
Trachops_cirrhosus,-58.583,6.483
Trachops_cirrhosus,-58.583,6.483
Trachops_cirrhosus,-58.583,6.483
Trachops_cirrhosus,-58.583,6.483
Trachops_cirrhosus,-58.583,6.483
Trachops_cirrhosus,-59.95,5.333
Trachops_cirrhosus,-59.95,5.333
Trachops_cirrhosus,-59.95,5.333
Trachops_cirrhosus,-59.95,5.333
Trachops_cirrhosus,-59.97,5.38
Trachops_cirrhosus,-59.97,5.38
Trachops_cirrhosus,-60.767,5.333
Trachops_cirrhosus,-60.767,5.333
Trachops_cirrhosus,-60.767,5.333
Trachops_cirrhosus,-60.767,5.333
Trachops_cirrhosus,-59.817,5.133
Trachops_cirrhosus,-59.817,5.133
Trachops_cirrhosus,-59.867,5.067
Trachops_cirrhosus,-59.61,5.25
Trachops_cirrhosus,-58.85,4.367
Trachops_cirrhosus,-58.817,4.33
Trachops_cirrhosus,-60.533,7.383
Trachops_cirrhosus,-59.05,4.1
Trachops_cirrhosus,-58.783,4.467
Trachops_cirrhosus,-58.783,4.467
Trachops_cirrhosus,-58.783,4.467
Trachops_cirrhosus,-58.783,4.467
Trachops_cirrhosus,-58.85,4.73
Trachops_cirrhosus,-59.017,4.75
Trachops_cirrhosus,-58.683,4.667
Trachops_cirrhosus,-58.917,4.383
Trachops_cirrhosus,-58.917,4.383
Trachops_cirrhosus,-58.917,4.383
Trachops_cirrhosus,-58.767,4.45
Trachops_cirrhosus,-58.767,4.45
Trachops_cirrhosus,-58.767,4.45
Trachops_cirrhosus,-58.783,3.267
Trachops_cirrhosus,-58.717,4.733
Trachops_cirrhosus,-58.717,4.733
Trachops_cirrhosus,-59.083,4.533
Trachops_cirrhosus,-58.617,4.583
Trachops_cirrhosus,-58.617,4.583
Trachops_cirrhosus,-59.017,4.75
Trachops_cirrhosus,-58.85,4.73
Trachops_cirrhosus,-58.85,4.73
Trachops_cirrhosus,-58.85,4.333
Trachops_cirrhosus,-58.85,4.333
Trachops_cirrhosus,-58.85,4.333
Trachops_cirrhosus,-58.95,7.65
Trachops_cirrhosus,-60.483,7.367
Trachops_cirrhosus,-59.578,5.314
Trachops_cirrhosus,-59.578,5.314
Trachops_cirrhosus,-58.909,4.25
Trachops_cirrhosus,-57.178,4.661
Trachops_cirrhosus,-56.906,4.469
Trachops_cirrhosus,-56.994,4.811
Trachops_cirrhosus,-57.042,4.478
Trachops_cirrhosus,-57.042,4.478
Trachops_cirrhosus,-56.904,4.529
Trachops_cirrhosus,-55.183,4.95
Trachops_cirrhosus,-55.183,4.95
Trachops_cirrhosus,-55.183,4.95
Trachops_cirrhosus,-55.183,4.95
Trachops_cirrhosus,-55.183,4.95
Trachops_cirrhosus,-55.2,4.933
Trachops_cirrhosus,-58.817,3.183
Trachops_cirrhosus,-58.767,1.367
Trachops_cirrhosus,-58.833,1.533
Trachops_cirrhosus,-58.833,1.533
Trachops_cirrhosus,-58.783,3.267
Trachops_cirrhosus,-58.783,3.267
Trachops_cirrhosus,-58.817,3.183
Trachops_cirrhosus,-58.817,4.33
Trachops_cirrhosus,-58.817,4.33
Trachops_cirrhosus,-58.783,3.267
Trachops_cirrhosus,-58.783,3.267
Trachops_cirrhosus,-58.783,3.267
Trachops_cirrhosus,-58.817,3.183
Trachops_cirrhosus,-58.8,4.333
Trachops_cirrhosus,-58.817,4.33
Trachops_cirrhosus,-58.833,1.533
Trachops_cirrhosus,-58.833,1.533
Trachops_cirrhosus,-58.833,1.533
Trachops_cirrhosus,-58.85,4.333
Trachops_cirrhosus,-58.233,3.506
Trachops_cirrhosus,-58.233,3.506
Trachops_cirrhosus,-58.233,3.506
Trachops_cirrhosus,-58.233,3.506
Trachops_cirrhosus,-58.233,3.506
Trachops_cirrhosus,-58.233,3.506
Trachops_cirrhosus,-59.526,2.824
Trachops_cirrhosus,-58.233,3.506
Trachops_cirrhosus,-59.526,2.824
Trachops_cirrhosus,-59.435,2.279
Trachops_cirrhosus,-56.0921,1.9944
Trachops_cirrhosus,-56.788,2.17526
Trachops_cirrhosus,-58.767,1.367
Trachops_cirrhosus,-58.767,1.367
Trachops_cirrhosus,-58.767,1.367
Trachops_cirrhosus,-76.433,-0.683
Trachops_cirrhosus,-76.4,-0.8
Trachops_cirrhosus,-76.4,-0.8
Trachops_cirrhosus,-76.4,-0.8
Trachops_cirrhosus,-76.4,-0.8
Trachops_cirrhosus,-76.4,-0.8
Trachops_cirrhosus,-76.433,-0.683
Trachops_cirrhosus,-76.433,-0.683
Trachops_cirrhosus,-76.4,-0.8
Trachops_cirrhosus,-76.4,-0.667
Trachops_cirrhosus,-76.4,-0.667
Trachops_cirrhosus,-76.394856,-0.676491
Trachops_cirrhosus,-76.433,-0.783
Trachops_cirrhosus,-76.4,-0.667
Trachops_cirrhosus,-76.4,-0.667
Trachops_cirrhosus,-76.433,-0.683
Trachops_cirrhosus,-76.4,-0.8
Trachops_cirrhosus,-76.4,-0.8
Trachops_cirrhosus,-76.4,-0.8
Trachops_cirrhosus,-76.35,-0.817
Trachops_cirrhosus,-76.4,-0.8
Trachops_cirrhosus,-76.45,-0.65
Trachops_cirrhosus,-76.4,-0.8
Trachops_cirrhosus,-76.399,-0.816
Trinycteris_nicefori,-76.45,-0.633
Trinycteris_nicefori,-76.77,-0.75
Trinycteris_nicefori,-76.433,-0.683
Trinycteris_nicefori,-76.4,-0.68
Trinycteris_nicefori,-76.77,-0.75
Trinycteris_nicefori,-76.433,-0.783
Trinycteris_nicefori,-76.433,-0.683
Trinycteris_nicefori,-76.454,-0.657
Trinycteris_nicefori,-59.017,4.75
Trinycteris_nicefori,-58.7,5.15
Trinycteris_nicefori,-59.083,4.533
Trinycteris_nicefori,-59.083,4.533
Trinycteris_nicefori,-83.53,10.6
Trinycteris_nicefori,-59.61,5.25
Trinycteris_nicefori,-59.61,5.25
Trinycteris_nicefori,-58.85,4.67
Trinycteris_nicefori,-58.85,4.67
Trinycteris_nicefori,-58.22,6.5
Trinycteris_nicefori,-58.663,5.033
Trinycteris_nicefori,-58.817,4.33
Trinycteris_nicefori,-59.017,4.75
Trinycteris_nicefori,-59.017,4.75
Trinycteris_nicefori,-59.05,4.1
Trinycteris_nicefori,-59.05,4.1
Trinycteris_nicefori,-58.7,5.15
Trinycteris_nicefori,-58.7,5.15
Trinycteris_nicefori,-58.25,6.233
Trinycteris_nicefori,-59.3,3.75
Trinycteris_nicefori,-59.716,3.266
Trinycteris_nicefori,-59.716,3.266
Trinycteris_nicefori,-58.909,4.25
Trinycteris_nicefori,-45.7741,-1.4148
Trinycteris_nicefori,-56.994,4.811
Trinycteris_nicefori,-56.0921,1.9944
Trinycteris_nicefori,-55.183,4.95
Trinycteris_nicefori,-55.2,4.933
Trinycteris_nicefori,-56.904,4.529
Trinycteris_nicefori,-56.19,3.93
Trinycteris_nicefori,-60.483,7.367
Vampyrodes_caraccioli,-58.817,4.333
Vampyrodes_caraccioli,-58.817,4.333
Vampyrodes_caraccioli,-58.8,4.333
Vampyrodes_caraccioli,-58.8,4.333
Vampyrodes_caraccioli,-58.8,4.333
Vampyrodes_caraccioli,-56.904,4.529
Vampyrodes_caraccioli,-58.817,4.333
Vampyrodes_caraccioli,-58.817,4.333
Vampyrodes_caraccioli,-58.817,4.333
Vampyrodes_caraccioli,-58.8,4.333
Vampyrodes_caraccioli,-58.817,4.333
Vampyrodes_caraccioli,-58.817,4.333
Vampyrodes_caraccioli,-58.817,4.333
Vampyrodes_caraccioli,-58.817,4.333
Vampyrodes_caraccioli,-58.817,4.333
Vampyrodes_caraccioli,-58.817,4.333
Vampyrodes_caraccioli,-58.817,4.333
Vampyrodes_caraccioli,-58.817,4.333
Vampyrodes_caraccioli,-58.817,4.333
Vampyrodes_caraccioli,-58.817,4.333
Vampyrodes_caraccioli,-58.817,4.333
Vampyrodes_caraccioli,-58.817,4.333
Vampyrodes_caraccioli,-58.817,4.333
Vampyrodes_caraccioli,-58.817,4.333
Vampyrodes_caraccioli,-58.817,4.333
Vampyrodes_caraccioli,-56.933,4.542
Vampyrodes_caraccioli,-56.933,4.542
Vampyrodes_caraccioli,-56.933,4.542
Vampyrodes_caraccioli,-56.933,4.542
Vampyrodes_caraccioli,-55.183,4.95
Vampyrodes_caraccioli,-56.19,3.93
Vampyrodes_caraccioli,-56.19,3.93
Vampyrodes_caraccioli,-76.333,-0.833
Vampyrodes_caraccioli,-76.333,-0.833
Vampyrodes_caraccioli,-76.333,-0.833
Vampyrodes_caraccioli,-76.333,-0.833
Vampyrodes_caraccioli,-76.333,-0.833
Vampyrodes_caraccioli,-76.333,-0.833
Vampyrodes_caraccioli,-76.333,-0.833
Vampyrodes_caraccioli,-76.333,-0.833
Vampyrodes_caraccioli,-76.333,-0.833
Vampyrodes_caraccioli,-76.47,-0.62
Vampyrodes_caraccioli,-76.4,-0.68
Vampyrodes_caraccioli,-76.333,-0.833
Vampyrodes_caraccioli,-76.46,-0.6
Vampyrodes_caraccioli,-76.3948,-0.6764
Vampyrodes_caraccioli,-76.333,-0.833
Vampyrodes_caraccioli,-76.4,-0.68
Vampyrodes_caraccioli,-76.4,-0.68
Vampyrodes_caraccioli,-76.4,-0.8
Vampyrodes_caraccioli,-76.47,-0.62
Vampyrodes_caraccioli,-76.333,-0.833
